mean_fit_time|std_fit_time|mean_score_time|std_score_time|param_catboostclassifier__depth|param_catboostclassifier__iterations|param_catboostclassifier__l2_leaf_reg|param_catboostclassifier__learning_rate|param_catboostclassifier__rsm|param_featureunion__neigh_pipeline__encoder|param_pca|param_selectpercentile__percentile|param_smote|params|split0_test_score|split1_test_score|mean_test_score|std_test_score|rank_test_score|split0_train_score|split1_train_score|mean_train_score|std_train_score
72.1143000125885|18.540214776992798|0.7841173410415649|0.1514509916305542|10|250|3.2507545149039148|0.24274000842090876|0.3|"OneHotEncoder(categorical_features=None,
       categories=[array([ 3,  4,  6,  8, 11, 13, 17, 19, 24, 26, 28, 29, 31, 32, 34, 36, 37,
       39, 43, 48, 49, 50, 51, 55, 60, 61, 63, 68, 75, 77])],
       dtype=<class 'numpy.float64'>, handle_unknown='ignore',
       n_values=None, sparse=False)"||70|"SMOTE(k=None, k_neighbors=5, kind='regular', m=None, m_neighbors=10, n_jobs=1,
   out_step=0.5, random_state=None, ratio='auto', svm_estimator=None)"|"{'catboostclassifier__depth': 10, 'catboostclassifier__iterations': 250, 'catboostclassifier__l2_leaf_reg': 3.2507545149039148, 'catboostclassifier__learning_rate': 0.24274000842090876, 'catboostclassifier__rsm': 0.3, 'featureunion__neigh_pipeline__encoder': OneHotEncoder(categorical_features=None,
       categories=[array([ 3,  4,  6,  8, 11, 13, 17, 19, 24, 26, 28, 29, 31, 32, 34, 36, 37,
       39, 43, 48, 49, 50, 51, 55, 60, 61, 63, 68, 75, 77])],
       dtype=<class 'numpy.float64'>, handle_unknown='ignore',
       n_values=None, sparse=False), 'pca': None, 'selectpercentile__percentile': 70, 'smote': SMOTE(k=None, k_neighbors=5, kind='regular', m=None, m_neighbors=10, n_jobs=1,
   out_step=0.5, random_state=None, ratio='auto', svm_estimator=None)}"|0.7087132761263369|0.7278891977726981|0.7183012369495175|0.009587960823180586|38|0.7831446341606213|0.8990284341205008|0.8410865341405611|0.05794189997993976
10.64139699935913|4.836947202682495|0.6941623687744141|0.17304158210754395|5|150|8.512561684863446|0.2945647711586022|0.2|"OneHotEncoder(categorical_features=None,
       categories=[array([ 3,  4,  6,  8, 11, 13, 17, 24, 26, 32, 36, 39, 43, 49, 50, 51, 55,
       60, 61, 68])],
       dtype=<class 'numpy.float64'>, handle_unknown='ignore',
       n_values=None, sparse=False)"||70|"RandomUnderSampler(random_state=None, ratio='auto', replacement=False,
          return_indices=False)"|"{'catboostclassifier__depth': 5, 'catboostclassifier__iterations': 150, 'catboostclassifier__l2_leaf_reg': 8.512561684863446, 'catboostclassifier__learning_rate': 0.2945647711586022, 'catboostclassifier__rsm': 0.2, 'featureunion__neigh_pipeline__encoder': OneHotEncoder(categorical_features=None,
       categories=[array([ 3,  4,  6,  8, 11, 13, 17, 24, 26, 32, 36, 39, 43, 49, 50, 51, 55,
       60, 61, 68])],
       dtype=<class 'numpy.float64'>, handle_unknown='ignore',
       n_values=None, sparse=False), 'pca': None, 'selectpercentile__percentile': 70, 'smote': RandomUnderSampler(random_state=None, ratio='auto', replacement=False,
          return_indices=False)}"|0.7245889357770059|0.76857147674096|0.746580206258983|0.021991270481977077|9|0.7025283754690651|0.7374664216408895|0.7199973985549772|0.017469023085912194
12.226621747016907|1.9031683206558228|0.8111366033554077|0.021854281425476074|5|50|0.7580486582227719|0.4110454304166212|0.5|"OneHotEncoder(categorical_features=None,
       categories=[array([ 3,  4,  6,  8, 11, 13, 17, 24, 26, 32, 36, 39, 43, 49, 50, 51, 55,
       60, 61, 68])],
       dtype=<class 'numpy.float64'>, handle_unknown='ignore',
       n_values=None, sparse=False)"|"PCA(copy=True, iterated_power='auto', n_components=None, random_state=None,
  svd_solver='auto', tol=0.0, whiten=False)"|70|"SMOTE(k=None, k_neighbors=5, kind='regular', m=None, m_neighbors=10, n_jobs=1,
   out_step=0.5, random_state=None, ratio='auto', svm_estimator=None)"|"{'catboostclassifier__depth': 5, 'catboostclassifier__iterations': 50, 'catboostclassifier__l2_leaf_reg': 0.7580486582227719, 'catboostclassifier__learning_rate': 0.4110454304166212, 'catboostclassifier__rsm': 0.5, 'featureunion__neigh_pipeline__encoder': OneHotEncoder(categorical_features=None,
       categories=[array([ 3,  4,  6,  8, 11, 13, 17, 24, 26, 32, 36, 39, 43, 49, 50, 51, 55,
       60, 61, 68])],
       dtype=<class 'numpy.float64'>, handle_unknown='ignore',
       n_values=None, sparse=False), 'pca': PCA(copy=True, iterated_power='auto', n_components=None, random_state=None,
  svd_solver='auto', tol=0.0, whiten=False), 'selectpercentile__percentile': 70, 'smote': SMOTE(k=None, k_neighbors=5, kind='regular', m=None, m_neighbors=10, n_jobs=1,
   out_step=0.5, random_state=None, ratio='auto', svm_estimator=None)}"|0.713520555103313|0.7498027082102963|0.7316616316568048|0.01814107655349162|30|0.675745670555308|0.7109949001524695|0.6933702853538888|0.01762461479858074
32.11194550991058|5.239965558052063|0.8376117944717407|0.12257754802703857|10|100|0.186541264444191|0.07123952653233619|0.3|"OneHotEncoder(categorical_features=None,
       categories=[array([ 4,  6,  8, 24, 26, 32, 36, 39, 50, 68])],
       dtype=<class 'numpy.float64'>, handle_unknown='ignore',
       n_values=None, sparse=False)"||90|"SMOTE(k=None, k_neighbors=5, kind='regular', m=None, m_neighbors=10, n_jobs=1,
   out_step=0.5, random_state=None, ratio='auto', svm_estimator=None)"|"{'catboostclassifier__depth': 10, 'catboostclassifier__iterations': 100, 'catboostclassifier__l2_leaf_reg': 0.186541264444191, 'catboostclassifier__learning_rate': 0.07123952653233619, 'catboostclassifier__rsm': 0.3, 'featureunion__neigh_pipeline__encoder': OneHotEncoder(categorical_features=None,
       categories=[array([ 4,  6,  8, 24, 26, 32, 36, 39, 50, 68])],
       dtype=<class 'numpy.float64'>, handle_unknown='ignore',
       n_values=None, sparse=False), 'pca': None, 'selectpercentile__percentile': 90, 'smote': SMOTE(k=None, k_neighbors=5, kind='regular', m=None, m_neighbors=10, n_jobs=1,
   out_step=0.5, random_state=None, ratio='auto', svm_estimator=None)}"|0.7199308932435624|0.7665873039851798|0.7432590986143711|0.023328205370808708|18|0.7013081891218359|0.7789792988510296|0.7401437439864327|0.03883555486459683
32.00484359264374|7.551399350166321|1.7612046003341675|0.24928700923919678|6|250|3.590759732486628|0.20114356435222308|0.4|"OneHotEncoder(categorical_features=None, categories=None,
       dtype=<class 'numpy.float64'>, handle_unknown='ignore',
       n_values=None, sparse=False)"||90|"RandomUnderSampler(random_state=None, ratio='auto', replacement=False,
          return_indices=False)"|"{'catboostclassifier__depth': 6, 'catboostclassifier__iterations': 250, 'catboostclassifier__l2_leaf_reg': 3.590759732486628, 'catboostclassifier__learning_rate': 0.20114356435222308, 'catboostclassifier__rsm': 0.4, 'featureunion__neigh_pipeline__encoder': OneHotEncoder(categorical_features=None, categories=None,
       dtype=<class 'numpy.float64'>, handle_unknown='ignore',
       n_values=None, sparse=False), 'pca': None, 'selectpercentile__percentile': 90, 'smote': RandomUnderSampler(random_state=None, ratio='auto', replacement=False,
          return_indices=False)}"|0.7245137603829921|0.7688273380310232|0.7466705492070077|0.02215678882401556|8|0.7400485198538316|0.7626168106512505|0.751332665252541|0.011284145398709478
89.69731652736664|32.057228446006775|1.4642460346221924|0.017045974731445312|11|100|9.5475658055715|0.1784005258728466|0.5|"OneHotEncoder(categorical_features=None, categories=None,
       dtype=<class 'numpy.float64'>, handle_unknown='ignore',
       n_values=None, sparse=False)"|"PCA(copy=True, iterated_power='auto', n_components=None, random_state=None,
  svd_solver='auto', tol=0.0, whiten=False)"|70|"SMOTE(k=None, k_neighbors=5, kind='regular', m=None, m_neighbors=10, n_jobs=1,
   out_step=0.5, random_state=None, ratio='auto', svm_estimator=None)"|"{'catboostclassifier__depth': 11, 'catboostclassifier__iterations': 100, 'catboostclassifier__l2_leaf_reg': 9.5475658055715, 'catboostclassifier__learning_rate': 0.1784005258728466, 'catboostclassifier__rsm': 0.5, 'featureunion__neigh_pipeline__encoder': OneHotEncoder(categorical_features=None, categories=None,
       dtype=<class 'numpy.float64'>, handle_unknown='ignore',
       n_values=None, sparse=False), 'pca': PCA(copy=True, iterated_power='auto', n_components=None, random_state=None,
  svd_solver='auto', tol=0.0, whiten=False), 'selectpercentile__percentile': 70, 'smote': SMOTE(k=None, k_neighbors=5, kind='regular', m=None, m_neighbors=10, n_jobs=1,
   out_step=0.5, random_state=None, ratio='auto', svm_estimator=None)}"|0.7102465125588974|0.7494314314110462|0.7298389719849717|0.019592459426074404|33|0.8171101298756371|0.8385471745801675|0.8278286522279024|0.01071852235226517
37.35939037799835|0.5390952825546265|0.9856083393096924|0.05217576026916504|6|250|5.076914787177405|0.37940196136317067|0.3|"OneHotEncoder(categorical_features=None,
       categories=[array([ 3,  4,  6,  8, 11, 13, 17, 24, 26, 32, 36, 39, 43, 49, 50, 51, 55,
       60, 61, 68])],
       dtype=<class 'numpy.float64'>, handle_unknown='ignore',
       n_values=None, sparse=False)"|"PCA(copy=True, iterated_power='auto', n_components=None, random_state=None,
  svd_solver='auto', tol=0.0, whiten=False)"|100|"SMOTE(k=None, k_neighbors=5, kind='regular', m=None, m_neighbors=10, n_jobs=1,
   out_step=0.5, random_state=None, ratio='auto', svm_estimator=None)"|"{'catboostclassifier__depth': 6, 'catboostclassifier__iterations': 250, 'catboostclassifier__l2_leaf_reg': 5.076914787177405, 'catboostclassifier__learning_rate': 0.37940196136317067, 'catboostclassifier__rsm': 0.3, 'featureunion__neigh_pipeline__encoder': OneHotEncoder(categorical_features=None,
       categories=[array([ 3,  4,  6,  8, 11, 13, 17, 24, 26, 32, 36, 39, 43, 49, 50, 51, 55,
       60, 61, 68])],
       dtype=<class 'numpy.float64'>, handle_unknown='ignore',
       n_values=None, sparse=False), 'pca': PCA(copy=True, iterated_power='auto', n_components=None, random_state=None,
  svd_solver='auto', tol=0.0, whiten=False), 'selectpercentile__percentile': 100, 'smote': SMOTE(k=None, k_neighbors=5, kind='regular', m=None, m_neighbors=10, n_jobs=1,
   out_step=0.5, random_state=None, ratio='auto', svm_estimator=None)}"|0.6860769423951583|0.7187840045296529|0.7024304734624055|0.016353531067247296|40|0.7677548762883217|0.7693799680789332|0.7685674221836274|0.0008125458953057163
15.933189630508423|1.4271879196166992|0.6840900182723999|0.05654728412628174|5|100|7.631569958373962|0.34560591491712145|0.3|"OneHotEncoder(categorical_features=None,
       categories=[array([ 4,  6,  8, 24, 26, 32, 36, 39, 50, 68])],
       dtype=<class 'numpy.float64'>, handle_unknown='ignore',
       n_values=None, sparse=False)"||90|"SMOTE(k=None, k_neighbors=5, kind='regular', m=None, m_neighbors=10, n_jobs=1,
   out_step=0.5, random_state=None, ratio='auto', svm_estimator=None)"|"{'catboostclassifier__depth': 5, 'catboostclassifier__iterations': 100, 'catboostclassifier__l2_leaf_reg': 7.631569958373962, 'catboostclassifier__learning_rate': 0.34560591491712145, 'catboostclassifier__rsm': 0.3, 'featureunion__neigh_pipeline__encoder': OneHotEncoder(categorical_features=None,
       categories=[array([ 4,  6,  8, 24, 26, 32, 36, 39, 50, 68])],
       dtype=<class 'numpy.float64'>, handle_unknown='ignore',
       n_values=None, sparse=False), 'pca': None, 'selectpercentile__percentile': 90, 'smote': SMOTE(k=None, k_neighbors=5, kind='regular', m=None, m_neighbors=10, n_jobs=1,
   out_step=0.5, random_state=None, ratio='auto', svm_estimator=None)}"|0.7233967617796626|0.7673931218248946|0.7453949418022786|0.021998180022616|13|0.7032179530080582|0.7406880342758693|0.7219529936419637|0.01873504063390552
27.213128685951233|0.8622466325759888|0.8694709539413452|0.03637135028839111|4|250|6.219277180704494|0.13336922751214753|0.3|"OneHotEncoder(categorical_features=None,
       categories=[array([ 3,  4,  6,  8, 11, 13, 17, 24, 26, 32, 36, 39, 43, 49, 50, 51, 55,
       60, 61, 68])],
       dtype=<class 'numpy.float64'>, handle_unknown='ignore',
       n_values=None, sparse=False)"|"PCA(copy=True, iterated_power='auto', n_components=None, random_state=None,
  svd_solver='auto', tol=0.0, whiten=False)"|100|"SMOTE(k=None, k_neighbors=5, kind='regular', m=None, m_neighbors=10, n_jobs=1,
   out_step=0.5, random_state=None, ratio='auto', svm_estimator=None)"|"{'catboostclassifier__depth': 4, 'catboostclassifier__iterations': 250, 'catboostclassifier__l2_leaf_reg': 6.219277180704494, 'catboostclassifier__learning_rate': 0.13336922751214753, 'catboostclassifier__rsm': 0.3, 'featureunion__neigh_pipeline__encoder': OneHotEncoder(categorical_features=None,
       categories=[array([ 3,  4,  6,  8, 11, 13, 17, 24, 26, 32, 36, 39, 43, 49, 50, 51, 55,
       60, 61, 68])],
       dtype=<class 'numpy.float64'>, handle_unknown='ignore',
       n_values=None, sparse=False), 'pca': PCA(copy=True, iterated_power='auto', n_components=None, random_state=None,
  svd_solver='auto', tol=0.0, whiten=False), 'selectpercentile__percentile': 100, 'smote': SMOTE(k=None, k_neighbors=5, kind='regular', m=None, m_neighbors=10, n_jobs=1,
   out_step=0.5, random_state=None, ratio='auto', svm_estimator=None)}"|0.7187391541897968|0.7569640325261662|0.7378515933579816|0.01911243916818467|26|0.6907983076937638|0.7167843540567786|0.7037913308752712|0.012993023181507413
19.347355365753174|1.6360585689544678|1.176465630531311|0.04331481456756592|3|250|5.205898658005404|0.4312932072099864|0.2|"OneHotEncoder(categorical_features=None, categories=None,
       dtype=<class 'numpy.float64'>, handle_unknown='ignore',
       n_values=None, sparse=False)"|"PCA(copy=True, iterated_power='auto', n_components=None, random_state=None,
  svd_solver='auto', tol=0.0, whiten=False)"|70||"{'catboostclassifier__depth': 3, 'catboostclassifier__iterations': 250, 'catboostclassifier__l2_leaf_reg': 5.205898658005404, 'catboostclassifier__learning_rate': 0.4312932072099864, 'catboostclassifier__rsm': 0.2, 'featureunion__neigh_pipeline__encoder': OneHotEncoder(categorical_features=None, categories=None,
       dtype=<class 'numpy.float64'>, handle_unknown='ignore',
       n_values=None, sparse=False), 'pca': PCA(copy=True, iterated_power='auto', n_components=None, random_state=None,
  svd_solver='auto', tol=0.0, whiten=False), 'selectpercentile__percentile': 70, 'smote': None}"|0.7218944857103954|0.7670881764975513|0.7444913311039735|0.022596845393577984|16|0.7349267076565225|0.7549030022862127|0.7449148549713676|0.009988147314845097
15.665971636772156|1.4669169187545776|0.8023391962051392|0.08349549770355225|4|250|4.321897064574423|0.12557858233412578|0.2|"OneHotEncoder(categorical_features=None,
       categories=[array([ 3,  4,  6,  8, 11, 13, 17, 24, 26, 32, 36, 39, 43, 49, 50, 51, 55,
       60, 61, 68])],
       dtype=<class 'numpy.float64'>, handle_unknown='ignore',
       n_values=None, sparse=False)"||90||"{'catboostclassifier__depth': 4, 'catboostclassifier__iterations': 250, 'catboostclassifier__l2_leaf_reg': 4.321897064574423, 'catboostclassifier__learning_rate': 0.12557858233412578, 'catboostclassifier__rsm': 0.2, 'featureunion__neigh_pipeline__encoder': OneHotEncoder(categorical_features=None,
       categories=[array([ 3,  4,  6,  8, 11, 13, 17, 24, 26, 32, 36, 39, 43, 49, 50, 51, 55,
       60, 61, 68])],
       dtype=<class 'numpy.float64'>, handle_unknown='ignore',
       n_values=None, sparse=False), 'pca': None, 'selectpercentile__percentile': 90, 'smote': None}"|0.7285683393381792|0.7719820286154679|0.7502751839768236|0.021706844638644363|1|0.6947183074824658|0.7356598469481006|0.7151890772152831|0.020470769732817418
9.439868092536926|2.590577483177185|0.9660696983337402|0.3512740135192871|3|150|3.4822472170518424|0.339804418756535|0.4|"OneHotEncoder(categorical_features=None,
       categories=[array([ 3,  4,  6,  8, 11, 13, 17, 24, 26, 32, 36, 39, 43, 49, 50, 51, 55,
       60, 61, 68])],
       dtype=<class 'numpy.float64'>, handle_unknown='ignore',
       n_values=None, sparse=False)"|"PCA(copy=True, iterated_power='auto', n_components=None, random_state=None,
  svd_solver='auto', tol=0.0, whiten=False)"|70|"RandomUnderSampler(random_state=None, ratio='auto', replacement=False,
          return_indices=False)"|"{'catboostclassifier__depth': 3, 'catboostclassifier__iterations': 150, 'catboostclassifier__l2_leaf_reg': 3.4822472170518424, 'catboostclassifier__learning_rate': 0.339804418756535, 'catboostclassifier__rsm': 0.4, 'featureunion__neigh_pipeline__encoder': OneHotEncoder(categorical_features=None,
       categories=[array([ 3,  4,  6,  8, 11, 13, 17, 24, 26, 32, 36, 39, 43, 49, 50, 51, 55,
       60, 61, 68])],
       dtype=<class 'numpy.float64'>, handle_unknown='ignore',
       n_values=None, sparse=False), 'pca': PCA(copy=True, iterated_power='auto', n_components=None, random_state=None,
  svd_solver='auto', tol=0.0, whiten=False), 'selectpercentile__percentile': 70, 'smote': RandomUnderSampler(random_state=None, ratio='auto', replacement=False,
          return_indices=False)}"|0.7237067178121371|0.7673820422364759|0.7455443800243066|0.021837662212169373|12|0.6758502992911466|0.7263305230898957|0.7010904111905212|0.02524011189937453
21.073617458343506|4.97616171836853|0.9213553667068481|0.0526045560836792|10|50|6.655749492826439|0.3963501978731649|0.5|"OneHotEncoder(categorical_features=None,
       categories=[array([ 3,  4,  6,  8, 11, 13, 17, 24, 26, 32, 36, 39, 43, 49, 50, 51, 55,
       60, 61, 68])],
       dtype=<class 'numpy.float64'>, handle_unknown='ignore',
       n_values=None, sparse=False)"|"PCA(copy=True, iterated_power='auto', n_components=None, random_state=None,
  svd_solver='auto', tol=0.0, whiten=False)"|90||"{'catboostclassifier__depth': 10, 'catboostclassifier__iterations': 50, 'catboostclassifier__l2_leaf_reg': 6.655749492826439, 'catboostclassifier__learning_rate': 0.3963501978731649, 'catboostclassifier__rsm': 0.5, 'featureunion__neigh_pipeline__encoder': OneHotEncoder(categorical_features=None,
       categories=[array([ 3,  4,  6,  8, 11, 13, 17, 24, 26, 32, 36, 39, 43, 49, 50, 51, 55,
       60, 61, 68])],
       dtype=<class 'numpy.float64'>, handle_unknown='ignore',
       n_values=None, sparse=False), 'pca': PCA(copy=True, iterated_power='auto', n_components=None, random_state=None,
  svd_solver='auto', tol=0.0, whiten=False), 'selectpercentile__percentile': 90, 'smote': None}"|0.7103269041010747|0.7414533891104714|0.725890146605773|0.015563242504698371|36|0.7912925611401406|0.8343909960027198|0.8128417785714301|0.021549217431289625
26.353808999061584|0.40234243869781494|0.6879465579986572|0.013916730880737305|4|250|7.242474942083052|0.15831109395827414|0.5|"OneHotEncoder(categorical_features=None,
       categories=[array([ 4,  6,  8, 24, 26, 32, 36, 39, 50, 68])],
       dtype=<class 'numpy.float64'>, handle_unknown='ignore',
       n_values=None, sparse=False)"|"PCA(copy=True, iterated_power='auto', n_components=None, random_state=None,
  svd_solver='auto', tol=0.0, whiten=False)"|80|"SMOTE(k=None, k_neighbors=5, kind='regular', m=None, m_neighbors=10, n_jobs=1,
   out_step=0.5, random_state=None, ratio='auto', svm_estimator=None)"|"{'catboostclassifier__depth': 4, 'catboostclassifier__iterations': 250, 'catboostclassifier__l2_leaf_reg': 7.242474942083052, 'catboostclassifier__learning_rate': 0.15831109395827414, 'catboostclassifier__rsm': 0.5, 'featureunion__neigh_pipeline__encoder': OneHotEncoder(categorical_features=None,
       categories=[array([ 4,  6,  8, 24, 26, 32, 36, 39, 50, 68])],
       dtype=<class 'numpy.float64'>, handle_unknown='ignore',
       n_values=None, sparse=False), 'pca': PCA(copy=True, iterated_power='auto', n_components=None, random_state=None,
  svd_solver='auto', tol=0.0, whiten=False), 'selectpercentile__percentile': 80, 'smote': SMOTE(k=None, k_neighbors=5, kind='regular', m=None, m_neighbors=10, n_jobs=1,
   out_step=0.5, random_state=None, ratio='auto', svm_estimator=None)}"|0.7171068395150647|0.7560019778838896|0.7365544086994771|0.019447569184412428|27|0.6949875358940645|0.7226323219876769|0.7088099289408707|0.013822393046806214
12.044035792350769|1.2246185541152954|0.738876461982727|0.08155715465545654|7|100|8.893156120331815|0.2125220757182465|0.2|"OneHotEncoder(categorical_features=None,
       categories=[array([ 3,  4,  6,  8, 11, 13, 17, 24, 26, 32, 36, 39, 43, 49, 50, 51, 55,
       60, 61, 68])],
       dtype=<class 'numpy.float64'>, handle_unknown='ignore',
       n_values=None, sparse=False)"|"PCA(copy=True, iterated_power='auto', n_components=None, random_state=None,
  svd_solver='auto', tol=0.0, whiten=False)"|70||"{'catboostclassifier__depth': 7, 'catboostclassifier__iterations': 100, 'catboostclassifier__l2_leaf_reg': 8.893156120331815, 'catboostclassifier__learning_rate': 0.2125220757182465, 'catboostclassifier__rsm': 0.2, 'featureunion__neigh_pipeline__encoder': OneHotEncoder(categorical_features=None,
       categories=[array([ 3,  4,  6,  8, 11, 13, 17, 24, 26, 32, 36, 39, 43, 49, 50, 51, 55,
       60, 61, 68])],
       dtype=<class 'numpy.float64'>, handle_unknown='ignore',
       n_values=None, sparse=False), 'pca': PCA(copy=True, iterated_power='auto', n_components=None, random_state=None,
  svd_solver='auto', tol=0.0, whiten=False), 'selectpercentile__percentile': 70, 'smote': None}"|0.7140702983875493|0.7683386509793606|0.741204474683455|0.027134176295905643|24|0.7376990539058619|0.7767432536171297|0.7572211537614958|0.019522099855633912
23.055404543876648|2.6172796487808228|0.6817731857299805|0.005862712860107422|9|100|4.093003773678832|0.20705973267829975|0.4|"OneHotEncoder(categorical_features=None,
       categories=[array([ 4,  6,  8, 24, 26, 32, 36, 39, 50, 68])],
       dtype=<class 'numpy.float64'>, handle_unknown='ignore',
       n_values=None, sparse=False)"|"PCA(copy=True, iterated_power='auto', n_components=None, random_state=None,
  svd_solver='auto', tol=0.0, whiten=False)"|70|"SMOTE(k=None, k_neighbors=5, kind='regular', m=None, m_neighbors=10, n_jobs=1,
   out_step=0.5, random_state=None, ratio='auto', svm_estimator=None)"|"{'catboostclassifier__depth': 9, 'catboostclassifier__iterations': 100, 'catboostclassifier__l2_leaf_reg': 4.093003773678832, 'catboostclassifier__learning_rate': 0.20705973267829975, 'catboostclassifier__rsm': 0.4, 'featureunion__neigh_pipeline__encoder': OneHotEncoder(categorical_features=None,
       categories=[array([ 4,  6,  8, 24, 26, 32, 36, 39, 50, 68])],
       dtype=<class 'numpy.float64'>, handle_unknown='ignore',
       n_values=None, sparse=False), 'pca': PCA(copy=True, iterated_power='auto', n_components=None, random_state=None,
  svd_solver='auto', tol=0.0, whiten=False), 'selectpercentile__percentile': 70, 'smote': SMOTE(k=None, k_neighbors=5, kind='regular', m=None, m_neighbors=10, n_jobs=1,
   out_step=0.5, random_state=None, ratio='auto', svm_estimator=None)}"|0.7045980019060307|0.7493250423236104|0.7269615221148206|0.022363520208789844|35|0.7432765760061288|0.7934864051999391|0.768381490603034|0.025104914596905115
26.05096924304962|1.1365283727645874|0.7564123868942261|0.09574663639068604|3|250|0.47866127637445793|0.3301636959712906|0.5|"OneHotEncoder(categorical_features=None,
       categories=[array([ 3,  4,  6,  8, 11, 13, 17, 19, 24, 26, 28, 29, 31, 32, 34, 36, 37,
       39, 43, 48, 49, 50, 51, 55, 60, 61, 63, 68, 75, 77])],
       dtype=<class 'numpy.float64'>, handle_unknown='ignore',
       n_values=None, sparse=False)"||70|"SMOTE(k=None, k_neighbors=5, kind='regular', m=None, m_neighbors=10, n_jobs=1,
   out_step=0.5, random_state=None, ratio='auto', svm_estimator=None)"|"{'catboostclassifier__depth': 3, 'catboostclassifier__iterations': 250, 'catboostclassifier__l2_leaf_reg': 0.47866127637445793, 'catboostclassifier__learning_rate': 0.3301636959712906, 'catboostclassifier__rsm': 0.5, 'featureunion__neigh_pipeline__encoder': OneHotEncoder(categorical_features=None,
       categories=[array([ 3,  4,  6,  8, 11, 13, 17, 19, 24, 26, 28, 29, 31, 32, 34, 36, 37,
       39, 43, 48, 49, 50, 51, 55, 60, 61, 63, 68, 75, 77])],
       dtype=<class 'numpy.float64'>, handle_unknown='ignore',
       n_values=None, sparse=False), 'pca': None, 'selectpercentile__percentile': 70, 'smote': SMOTE(k=None, k_neighbors=5, kind='regular', m=None, m_neighbors=10, n_jobs=1,
   out_step=0.5, random_state=None, ratio='auto', svm_estimator=None)}"|0.7263823002168266|0.7657371010221432|0.7460597006194849|0.019677400402658307|11|0.6945502366134095|0.7388117967564475|0.7166810166849285|0.02213078007151897
32.76135551929474|4.7188392877578735|0.7053171396255493|0.05372059345245361|8|200|9.636255338099485|0.11141661991615517|0.4|"OneHotEncoder(categorical_features=None,
       categories=[array([ 3,  4,  6,  8, 11, 13, 17, 24, 26, 32, 36, 39, 43, 49, 50, 51, 55,
       60, 61, 68])],
       dtype=<class 'numpy.float64'>, handle_unknown='ignore',
       n_values=None, sparse=False)"|"PCA(copy=True, iterated_power='auto', n_components=None, random_state=None,
  svd_solver='auto', tol=0.0, whiten=False)"|80|"RandomUnderSampler(random_state=None, ratio='auto', replacement=False,
          return_indices=False)"|"{'catboostclassifier__depth': 8, 'catboostclassifier__iterations': 200, 'catboostclassifier__l2_leaf_reg': 9.636255338099485, 'catboostclassifier__learning_rate': 0.11141661991615517, 'catboostclassifier__rsm': 0.4, 'featureunion__neigh_pipeline__encoder': OneHotEncoder(categorical_features=None,
       categories=[array([ 3,  4,  6,  8, 11, 13, 17, 24, 26, 32, 36, 39, 43, 49, 50, 51, 55,
       60, 61, 68])],
       dtype=<class 'numpy.float64'>, handle_unknown='ignore',
       n_values=None, sparse=False), 'pca': PCA(copy=True, iterated_power='auto', n_components=None, random_state=None,
  svd_solver='auto', tol=0.0, whiten=False), 'selectpercentile__percentile': 80, 'smote': RandomUnderSampler(random_state=None, ratio='auto', replacement=False,
          return_indices=False)}"|0.7185999690701145|0.7650755849104602|0.7418377769902874|0.023237807920172878|22|0.7624832387676954|0.7654513078483893|0.7639672733080424|0.0014840345403469568
15.005647420883179|1.6985805034637451|0.6775997877120972|0.14861619472503662|5|150|5.590746381492495|0.23048942877511375|0.4|"OneHotEncoder(categorical_features=None,
       categories=[array([ 4,  6,  8, 24, 26, 32, 36, 39, 50, 68])],
       dtype=<class 'numpy.float64'>, handle_unknown='ignore',
       n_values=None, sparse=False)"|"PCA(copy=True, iterated_power='auto', n_components=None, random_state=None,
  svd_solver='auto', tol=0.0, whiten=False)"|90||"{'catboostclassifier__depth': 5, 'catboostclassifier__iterations': 150, 'catboostclassifier__l2_leaf_reg': 5.590746381492495, 'catboostclassifier__learning_rate': 0.23048942877511375, 'catboostclassifier__rsm': 0.4, 'featureunion__neigh_pipeline__encoder': OneHotEncoder(categorical_features=None,
       categories=[array([ 4,  6,  8, 24, 26, 32, 36, 39, 50, 68])],
       dtype=<class 'numpy.float64'>, handle_unknown='ignore',
       n_values=None, sparse=False), 'pca': PCA(copy=True, iterated_power='auto', n_components=None, random_state=None,
  svd_solver='auto', tol=0.0, whiten=False), 'selectpercentile__percentile': 90, 'smote': None}"|0.7218056461035418|0.7653089698678596|0.7435573079857006|0.02175166188215888|17|0.7270840416340701|0.7514579798932776|0.7392710107636739|0.012186969129603709
13.961261749267578|3.784337043762207|1.048511266708374|0.1770009994506836|8|100|5.993622808792915|0.2067589311646425|0.5|"OneHotEncoder(categorical_features=None,
       categories=[array([ 3,  4,  6,  8, 11, 13, 17, 24, 26, 32, 36, 39, 43, 49, 50, 51, 55,
       60, 61, 68])],
       dtype=<class 'numpy.float64'>, handle_unknown='ignore',
       n_values=None, sparse=False)"||90|"RandomUnderSampler(random_state=None, ratio='auto', replacement=False,
          return_indices=False)"|"{'catboostclassifier__depth': 8, 'catboostclassifier__iterations': 100, 'catboostclassifier__l2_leaf_reg': 5.993622808792915, 'catboostclassifier__learning_rate': 0.2067589311646425, 'catboostclassifier__rsm': 0.5, 'featureunion__neigh_pipeline__encoder': OneHotEncoder(categorical_features=None,
       categories=[array([ 3,  4,  6,  8, 11, 13, 17, 24, 26, 32, 36, 39, 43, 49, 50, 51, 55,
       60, 61, 68])],
       dtype=<class 'numpy.float64'>, handle_unknown='ignore',
       n_values=None, sparse=False), 'pca': None, 'selectpercentile__percentile': 90, 'smote': RandomUnderSampler(random_state=None, ratio='auto', replacement=False,
          return_indices=False)}"|0.7265671893346602|0.7660098341675645|0.7462885117511123|0.019721322416452136|10|0.7231133129002786|0.7475166504230855|0.735314981661682|0.01220166876140344
23.191514372825623|5.416012167930603|0.8314852714538574|0.0009179115295410156|11|50|9.727431012618762|0.09672814104149699|0.3|"OneHotEncoder(categorical_features=None,
       categories=[array([ 4,  6,  8, 24, 26, 32, 36, 39, 50, 68])],
       dtype=<class 'numpy.float64'>, handle_unknown='ignore',
       n_values=None, sparse=False)"||90|"SMOTE(k=None, k_neighbors=5, kind='regular', m=None, m_neighbors=10, n_jobs=1,
   out_step=0.5, random_state=None, ratio='auto', svm_estimator=None)"|"{'catboostclassifier__depth': 11, 'catboostclassifier__iterations': 50, 'catboostclassifier__l2_leaf_reg': 9.727431012618762, 'catboostclassifier__learning_rate': 0.09672814104149699, 'catboostclassifier__rsm': 0.3, 'featureunion__neigh_pipeline__encoder': OneHotEncoder(categorical_features=None,
       categories=[array([ 4,  6,  8, 24, 26, 32, 36, 39, 50, 68])],
       dtype=<class 'numpy.float64'>, handle_unknown='ignore',
       n_values=None, sparse=False), 'pca': None, 'selectpercentile__percentile': 90, 'smote': SMOTE(k=None, k_neighbors=5, kind='regular', m=None, m_neighbors=10, n_jobs=1,
   out_step=0.5, random_state=None, ratio='auto', svm_estimator=None)}"|0.7220980139066637|0.7678492920581177|0.7449736529823908|0.022875639075726983|14|0.6900607937548822|0.7500513246501629|0.7200560592025225|0.029995265447640362
21.79177725315094|1.0192760229110718|0.8048427104949951|0.0809774398803711|7|150|6.383733193730325|0.13269217744319528|0.2|"OneHotEncoder(categorical_features=None,
       categories=[array([ 3,  4,  6,  8, 11, 13, 17, 24, 26, 32, 36, 39, 43, 49, 50, 51, 55,
       60, 61, 68])],
       dtype=<class 'numpy.float64'>, handle_unknown='ignore',
       n_values=None, sparse=False)"|"PCA(copy=True, iterated_power='auto', n_components=None, random_state=None,
  svd_solver='auto', tol=0.0, whiten=False)"|90|"SMOTE(k=None, k_neighbors=5, kind='regular', m=None, m_neighbors=10, n_jobs=1,
   out_step=0.5, random_state=None, ratio='auto', svm_estimator=None)"|"{'catboostclassifier__depth': 7, 'catboostclassifier__iterations': 150, 'catboostclassifier__l2_leaf_reg': 6.383733193730325, 'catboostclassifier__learning_rate': 0.13269217744319528, 'catboostclassifier__rsm': 0.2, 'featureunion__neigh_pipeline__encoder': OneHotEncoder(categorical_features=None,
       categories=[array([ 3,  4,  6,  8, 11, 13, 17, 24, 26, 32, 36, 39, 43, 49, 50, 51, 55,
       60, 61, 68])],
       dtype=<class 'numpy.float64'>, handle_unknown='ignore',
       n_values=None, sparse=False), 'pca': PCA(copy=True, iterated_power='auto', n_components=None, random_state=None,
  svd_solver='auto', tol=0.0, whiten=False), 'selectpercentile__percentile': 90, 'smote': SMOTE(k=None, k_neighbors=5, kind='regular', m=None, m_neighbors=10, n_jobs=1,
   out_step=0.5, random_state=None, ratio='auto', svm_estimator=None)}"|0.7157193314044781|0.7605905675186363|0.7381549494615571|0.022435618057079106|25|0.7226622893375434|0.7387753003178326|0.730718794827688|0.008056505490144583
33.76134967803955|3.9268760681152344|0.8850429058074951|0.3507845401763916|8|250|6.0853082416231254|0.11426155114689421|0.3|"OneHotEncoder(categorical_features=None, categories=None,
       dtype=<class 'numpy.float64'>, handle_unknown='ignore',
       n_values=None, sparse=False)"||70||"{'catboostclassifier__depth': 8, 'catboostclassifier__iterations': 250, 'catboostclassifier__l2_leaf_reg': 6.0853082416231254, 'catboostclassifier__learning_rate': 0.11426155114689421, 'catboostclassifier__rsm': 0.3, 'featureunion__neigh_pipeline__encoder': OneHotEncoder(categorical_features=None, categories=None,
       dtype=<class 'numpy.float64'>, handle_unknown='ignore',
       n_values=None, sparse=False), 'pca': None, 'selectpercentile__percentile': 70, 'smote': None}"|0.725182890917192|0.7693470228916398|0.7472649569044159|0.022082065987223898|5|0.7381102940167668|0.800598417812229|0.7693543559144979|0.0312440618977311
16.271669149398804|0.40381550788879395|0.714676022529602|0.12217319011688232|4|150|9.95253227074023|0.2750134578511689|0.3|"OneHotEncoder(categorical_features=None,
       categories=[array([ 4,  6,  8, 24, 26, 32, 36, 39, 50, 68])],
       dtype=<class 'numpy.float64'>, handle_unknown='ignore',
       n_values=None, sparse=False)"||90|"SMOTE(k=None, k_neighbors=5, kind='regular', m=None, m_neighbors=10, n_jobs=1,
   out_step=0.5, random_state=None, ratio='auto', svm_estimator=None)"|"{'catboostclassifier__depth': 4, 'catboostclassifier__iterations': 150, 'catboostclassifier__l2_leaf_reg': 9.95253227074023, 'catboostclassifier__learning_rate': 0.2750134578511689, 'catboostclassifier__rsm': 0.3, 'featureunion__neigh_pipeline__encoder': OneHotEncoder(categorical_features=None,
       categories=[array([ 4,  6,  8, 24, 26, 32, 36, 39, 50, 68])],
       dtype=<class 'numpy.float64'>, handle_unknown='ignore',
       n_values=None, sparse=False), 'pca': None, 'selectpercentile__percentile': 90, 'smote': SMOTE(k=None, k_neighbors=5, kind='regular', m=None, m_neighbors=10, n_jobs=1,
   out_step=0.5, random_state=None, ratio='auto', svm_estimator=None)}"|0.7255298393771781|0.7686347201166599|0.747082279746919|0.02155244036974091|6|0.6936647705116619|0.7369899097190178|0.7153273401153398|0.02166256960367796
12.492849111557007|0.792504072189331|0.538405179977417|0.11236071586608887|5|100|8.75553872656115|0.3747225587081128|0.5|"OneHotEncoder(categorical_features=None,
       categories=[array([ 4,  6,  8, 24, 26, 32, 36, 39, 50, 68])],
       dtype=<class 'numpy.float64'>, handle_unknown='ignore',
       n_values=None, sparse=False)"||70|"SMOTE(k=None, k_neighbors=5, kind='regular', m=None, m_neighbors=10, n_jobs=1,
   out_step=0.5, random_state=None, ratio='auto', svm_estimator=None)"|"{'catboostclassifier__depth': 5, 'catboostclassifier__iterations': 100, 'catboostclassifier__l2_leaf_reg': 8.75553872656115, 'catboostclassifier__learning_rate': 0.3747225587081128, 'catboostclassifier__rsm': 0.5, 'featureunion__neigh_pipeline__encoder': OneHotEncoder(categorical_features=None,
       categories=[array([ 4,  6,  8, 24, 26, 32, 36, 39, 50, 68])],
       dtype=<class 'numpy.float64'>, handle_unknown='ignore',
       n_values=None, sparse=False), 'pca': None, 'selectpercentile__percentile': 70, 'smote': SMOTE(k=None, k_neighbors=5, kind='regular', m=None, m_neighbors=10, n_jobs=1,
   out_step=0.5, random_state=None, ratio='auto', svm_estimator=None)}"|0.7203687163383832|0.7643558122811416|0.7423622643097624|0.0219935479713792|21|0.6957848190126235|0.7428734934896897|0.7193291562511566|0.02354433723853311
53.73125159740448|11.178606629371643|0.8442918062210083|0.10489165782928467|10|250|10.0260553859776|0.18235144074997334|0.5|"OneHotEncoder(categorical_features=None,
       categories=[array([ 3,  4,  6,  8, 11, 13, 17, 19, 24, 26, 28, 29, 31, 32, 34, 36, 37,
       39, 43, 48, 49, 50, 51, 55, 60, 61, 63, 68, 75, 77])],
       dtype=<class 'numpy.float64'>, handle_unknown='ignore',
       n_values=None, sparse=False)"||90||"{'catboostclassifier__depth': 10, 'catboostclassifier__iterations': 250, 'catboostclassifier__l2_leaf_reg': 10.0260553859776, 'catboostclassifier__learning_rate': 0.18235144074997334, 'catboostclassifier__rsm': 0.5, 'featureunion__neigh_pipeline__encoder': OneHotEncoder(categorical_features=None,
       categories=[array([ 3,  4,  6,  8, 11, 13, 17, 19, 24, 26, 28, 29, 31, 32, 34, 36, 37,
       39, 43, 48, 49, 50, 51, 55, 60, 61, 63, 68, 75, 77])],
       dtype=<class 'numpy.float64'>, handle_unknown='ignore',
       n_values=None, sparse=False), 'pca': None, 'selectpercentile__percentile': 90, 'smote': None}"|0.7195070105666271|0.7507938076493311|0.7351504091079791|0.015643398541351994|29|0.7980352692864636|0.8784067222314329|0.8382209957589483|0.04018572647248464
8.277000784873962|1.9673947095870972|0.6271160840988159|0.06761467456817627|4|100|4.582231733035571|0.2226659934331654|0.2|"OneHotEncoder(categorical_features=None,
       categories=[array([ 3,  4,  6,  8, 11, 13, 17, 24, 26, 32, 36, 39, 43, 49, 50, 51, 55,
       60, 61, 68])],
       dtype=<class 'numpy.float64'>, handle_unknown='ignore',
       n_values=None, sparse=False)"|"PCA(copy=True, iterated_power='auto', n_components=None, random_state=None,
  svd_solver='auto', tol=0.0, whiten=False)"|70|"RandomUnderSampler(random_state=None, ratio='auto', replacement=False,
          return_indices=False)"|"{'catboostclassifier__depth': 4, 'catboostclassifier__iterations': 100, 'catboostclassifier__l2_leaf_reg': 4.582231733035571, 'catboostclassifier__learning_rate': 0.2226659934331654, 'catboostclassifier__rsm': 0.2, 'featureunion__neigh_pipeline__encoder': OneHotEncoder(categorical_features=None,
       categories=[array([ 3,  4,  6,  8, 11, 13, 17, 24, 26, 32, 36, 39, 43, 49, 50, 51, 55,
       60, 61, 68])],
       dtype=<class 'numpy.float64'>, handle_unknown='ignore',
       n_values=None, sparse=False), 'pca': PCA(copy=True, iterated_power='auto', n_components=None, random_state=None,
  svd_solver='auto', tol=0.0, whiten=False), 'selectpercentile__percentile': 70, 'smote': RandomUnderSampler(random_state=None, ratio='auto', replacement=False,
          return_indices=False)}"|0.7285851211757888|0.768854788702442|0.7487199549391155|0.020134833763326587|3|0.686190573721029|0.7301123307060503|0.7081514522135397|0.02196087849251066
7.170405030250549|1.8591588735580444|1.1245436668395996|0.1590414047241211|4|50|8.771707693925519|0.42152602007349377|0.4|"OneHotEncoder(categorical_features=None,
       categories=[array([ 3,  4,  6,  8, 11, 13, 17, 19, 24, 26, 28, 29, 31, 32, 34, 36, 37,
       39, 43, 48, 49, 50, 51, 55, 60, 61, 63, 68, 75, 77])],
       dtype=<class 'numpy.float64'>, handle_unknown='ignore',
       n_values=None, sparse=False)"|"PCA(copy=True, iterated_power='auto', n_components=None, random_state=None,
  svd_solver='auto', tol=0.0, whiten=False)"|100|"RandomUnderSampler(random_state=None, ratio='auto', replacement=False,
          return_indices=False)"|"{'catboostclassifier__depth': 4, 'catboostclassifier__iterations': 50, 'catboostclassifier__l2_leaf_reg': 8.771707693925519, 'catboostclassifier__learning_rate': 0.42152602007349377, 'catboostclassifier__rsm': 0.4, 'featureunion__neigh_pipeline__encoder': OneHotEncoder(categorical_features=None,
       categories=[array([ 3,  4,  6,  8, 11, 13, 17, 19, 24, 26, 28, 29, 31, 32, 34, 36, 37,
       39, 43, 48, 49, 50, 51, 55, 60, 61, 63, 68, 75, 77])],
       dtype=<class 'numpy.float64'>, handle_unknown='ignore',
       n_values=None, sparse=False), 'pca': PCA(copy=True, iterated_power='auto', n_components=None, random_state=None,
  svd_solver='auto', tol=0.0, whiten=False), 'selectpercentile__percentile': 100, 'smote': RandomUnderSampler(random_state=None, ratio='auto', replacement=False,
          return_indices=False)}"|0.7228883317857808|0.7635013485799598|0.7431948401828704|0.020306508397089473|19|0.6903111529981683|0.725281822770829|0.7077964878844987|0.01748533488633036
7.918610215187073|1.9027029275894165|0.9107187986373901|0.0068253278732299805|3|100|2.633544702106347|0.3363312128330062|0.3|"OneHotEncoder(categorical_features=None,
       categories=[array([ 3,  4,  6,  8, 11, 13, 17, 24, 26, 32, 36, 39, 43, 49, 50, 51, 55,
       60, 61, 68])],
       dtype=<class 'numpy.float64'>, handle_unknown='ignore',
       n_values=None, sparse=False)"|"PCA(copy=True, iterated_power='auto', n_components=None, random_state=None,
  svd_solver='auto', tol=0.0, whiten=False)"|80|"RandomUnderSampler(random_state=None, ratio='auto', replacement=False,
          return_indices=False)"|"{'catboostclassifier__depth': 3, 'catboostclassifier__iterations': 100, 'catboostclassifier__l2_leaf_reg': 2.633544702106347, 'catboostclassifier__learning_rate': 0.3363312128330062, 'catboostclassifier__rsm': 0.3, 'featureunion__neigh_pipeline__encoder': OneHotEncoder(categorical_features=None,
       categories=[array([ 3,  4,  6,  8, 11, 13, 17, 24, 26, 32, 36, 39, 43, 49, 50, 51, 55,
       60, 61, 68])],
       dtype=<class 'numpy.float64'>, handle_unknown='ignore',
       n_values=None, sparse=False), 'pca': PCA(copy=True, iterated_power='auto', n_components=None, random_state=None,
  svd_solver='auto', tol=0.0, whiten=False), 'selectpercentile__percentile': 80, 'smote': RandomUnderSampler(random_state=None, ratio='auto', replacement=False,
          return_indices=False)}"|0.7154341639811705|0.7677069308229726|0.7415705474020716|0.02613638342090102|23|0.6860713976130222|0.7257675194825494|0.7059194585477857|0.0198480609347636
14.668258666992188|2.817324161529541|0.5324834585189819|0.08707106113433838|9|100|3.792238159697807|0.2543737890846157|0.4|"OneHotEncoder(categorical_features=None,
       categories=[array([ 3,  4,  6,  8, 11, 13, 17, 24, 26, 32, 36, 39, 43, 49, 50, 51, 55,
       60, 61, 68])],
       dtype=<class 'numpy.float64'>, handle_unknown='ignore',
       n_values=None, sparse=False)"||90|"RandomUnderSampler(random_state=None, ratio='auto', replacement=False,
          return_indices=False)"|"{'catboostclassifier__depth': 9, 'catboostclassifier__iterations': 100, 'catboostclassifier__l2_leaf_reg': 3.792238159697807, 'catboostclassifier__learning_rate': 0.2543737890846157, 'catboostclassifier__rsm': 0.4, 'featureunion__neigh_pipeline__encoder': OneHotEncoder(categorical_features=None,
       categories=[array([ 3,  4,  6,  8, 11, 13, 17, 24, 26, 32, 36, 39, 43, 49, 50, 51, 55,
       60, 61, 68])],
       dtype=<class 'numpy.float64'>, handle_unknown='ignore',
       n_values=None, sparse=False), 'pca': None, 'selectpercentile__percentile': 90, 'smote': RandomUnderSampler(random_state=None, ratio='auto', replacement=False,
          return_indices=False)}"|0.725584439082666|0.7641195687481994|0.7448520039154327|0.019267564832766704|15|0.7382237153723479|0.761350787566518|0.7497872514694329|0.011563536097085048
10.971680760383606|1.8201626539230347|1.3101463317871094|0.11680984497070312|4|100|0.917296446428586|0.3530151341056366|0.5|"OneHotEncoder(categorical_features=None, categories=None,
       dtype=<class 'numpy.float64'>, handle_unknown='ignore',
       n_values=None, sparse=False)"||80|"RandomUnderSampler(random_state=None, ratio='auto', replacement=False,
          return_indices=False)"|"{'catboostclassifier__depth': 4, 'catboostclassifier__iterations': 100, 'catboostclassifier__l2_leaf_reg': 0.917296446428586, 'catboostclassifier__learning_rate': 0.3530151341056366, 'catboostclassifier__rsm': 0.5, 'featureunion__neigh_pipeline__encoder': OneHotEncoder(categorical_features=None, categories=None,
       dtype=<class 'numpy.float64'>, handle_unknown='ignore',
       n_values=None, sparse=False), 'pca': None, 'selectpercentile__percentile': 80, 'smote': RandomUnderSampler(random_state=None, ratio='auto', replacement=False,
          return_indices=False)}"|0.7238792411983229|0.7702038402229038|0.7470415407106133|0.02316229951229043|7|0.7041301936113316|0.7348919372804479|0.7195110654458897|0.015380871834558163
68.81278252601624|7.5167317390441895|0.953589916229248|0.05593276023864746|9|250|9.101814237767947|0.2658678406462496|0.5|"OneHotEncoder(categorical_features=None,
       categories=[array([ 3,  4,  6,  8, 11, 13, 17, 24, 26, 32, 36, 39, 43, 49, 50, 51, 55,
       60, 61, 68])],
       dtype=<class 'numpy.float64'>, handle_unknown='ignore',
       n_values=None, sparse=False)"|"PCA(copy=True, iterated_power='auto', n_components=None, random_state=None,
  svd_solver='auto', tol=0.0, whiten=False)"|80|"RandomUnderSampler(random_state=None, ratio='auto', replacement=False,
          return_indices=False)"|"{'catboostclassifier__depth': 9, 'catboostclassifier__iterations': 250, 'catboostclassifier__l2_leaf_reg': 9.101814237767947, 'catboostclassifier__learning_rate': 0.2658678406462496, 'catboostclassifier__rsm': 0.5, 'featureunion__neigh_pipeline__encoder': OneHotEncoder(categorical_features=None,
       categories=[array([ 3,  4,  6,  8, 11, 13, 17, 24, 26, 32, 36, 39, 43, 49, 50, 51, 55,
       60, 61, 68])],
       dtype=<class 'numpy.float64'>, handle_unknown='ignore',
       n_values=None, sparse=False), 'pca': PCA(copy=True, iterated_power='auto', n_components=None, random_state=None,
  svd_solver='auto', tol=0.0, whiten=False), 'selectpercentile__percentile': 80, 'smote': RandomUnderSampler(random_state=None, ratio='auto', replacement=False,
          return_indices=False)}"|0.7016958996160889|0.7433226638218344|0.7225092817189617|0.020813382102872757|37|0.8203706235726839|0.8116632462794515|0.8160169349260677|0.004353688646616172
23.745931148529053|0.4540703296661377|0.6722137928009033|0.08589529991149902|3|250|7.877736873372483|0.3541218330509866|0.4|"OneHotEncoder(categorical_features=None,
       categories=[array([ 4,  6,  8, 24, 26, 32, 36, 39, 50, 68])],
       dtype=<class 'numpy.float64'>, handle_unknown='ignore',
       n_values=None, sparse=False)"|"PCA(copy=True, iterated_power='auto', n_components=None, random_state=None,
  svd_solver='auto', tol=0.0, whiten=False)"|70|"SMOTE(k=None, k_neighbors=5, kind='regular', m=None, m_neighbors=10, n_jobs=1,
   out_step=0.5, random_state=None, ratio='auto', svm_estimator=None)"|"{'catboostclassifier__depth': 3, 'catboostclassifier__iterations': 250, 'catboostclassifier__l2_leaf_reg': 7.877736873372483, 'catboostclassifier__learning_rate': 0.3541218330509866, 'catboostclassifier__rsm': 0.4, 'featureunion__neigh_pipeline__encoder': OneHotEncoder(categorical_features=None,
       categories=[array([ 4,  6,  8, 24, 26, 32, 36, 39, 50, 68])],
       dtype=<class 'numpy.float64'>, handle_unknown='ignore',
       n_values=None, sparse=False), 'pca': PCA(copy=True, iterated_power='auto', n_components=None, random_state=None,
  svd_solver='auto', tol=0.0, whiten=False), 'selectpercentile__percentile': 70, 'smote': SMOTE(k=None, k_neighbors=5, kind='regular', m=None, m_neighbors=10, n_jobs=1,
   out_step=0.5, random_state=None, ratio='auto', svm_estimator=None)}"|0.7125699144815842|0.7496884069196057|0.731129160700595|0.018559246219010728|31|0.692947730652128|0.7235624482988382|0.7082550894754831|0.0153073588233551
16.269285917282104|1.4058423042297363|0.4683603048324585|0.10135996341705322|8|150|8.374967862921299|0.37083340531272235|0.2|"OneHotEncoder(categorical_features=None,
       categories=[array([ 3,  4,  6,  8, 11, 13, 17, 24, 26, 32, 36, 39, 43, 49, 50, 51, 55,
       60, 61, 68])],
       dtype=<class 'numpy.float64'>, handle_unknown='ignore',
       n_values=None, sparse=False)"||70||"{'catboostclassifier__depth': 8, 'catboostclassifier__iterations': 150, 'catboostclassifier__l2_leaf_reg': 8.374967862921299, 'catboostclassifier__learning_rate': 0.37083340531272235, 'catboostclassifier__rsm': 0.2, 'featureunion__neigh_pipeline__encoder': OneHotEncoder(categorical_features=None,
       categories=[array([ 3,  4,  6,  8, 11, 13, 17, 24, 26, 32, 36, 39, 43, 49, 50, 51, 55,
       60, 61, 68])],
       dtype=<class 'numpy.float64'>, handle_unknown='ignore',
       n_values=None, sparse=False), 'pca': None, 'selectpercentile__percentile': 70, 'smote': None}"|0.71819158562345|0.7542137448324466|0.7362026652279483|0.018011079604498326|28|0.7367099082585163|0.8041875345693927|0.7704487214139546|0.033738813155438196
69.9285626411438|26.839431047439575|1.475670576095581|0.04297041893005371|10|150|2.605614021814575|0.1643297576907305|0.4|"OneHotEncoder(categorical_features=None, categories=None,
       dtype=<class 'numpy.float64'>, handle_unknown='ignore',
       n_values=None, sparse=False)"|"PCA(copy=True, iterated_power='auto', n_components=None, random_state=None,
  svd_solver='auto', tol=0.0, whiten=False)"|80||"{'catboostclassifier__depth': 10, 'catboostclassifier__iterations': 150, 'catboostclassifier__l2_leaf_reg': 2.605614021814575, 'catboostclassifier__learning_rate': 0.1643297576907305, 'catboostclassifier__rsm': 0.4, 'featureunion__neigh_pipeline__encoder': OneHotEncoder(categorical_features=None, categories=None,
       dtype=<class 'numpy.float64'>, handle_unknown='ignore',
       n_values=None, sparse=False), 'pca': PCA(copy=True, iterated_power='auto', n_components=None, random_state=None,
  svd_solver='auto', tol=0.0, whiten=False), 'selectpercentile__percentile': 80, 'smote': None}"|0.7122782895747922|0.7486736668521751|0.7304759782134836|0.018197688638691423|32|0.9160267167980958|0.9318159009803475|0.9239213088892216|0.007894592091125863
22.985244035720825|3.8131051063537598|1.8572407960891724|0.12254846096038818|4|100|3.6480819590507814|0.35464676307059984|0.3|"OneHotEncoder(categorical_features=None, categories=None,
       dtype=<class 'numpy.float64'>, handle_unknown='ignore',
       n_values=None, sparse=False)"|"PCA(copy=True, iterated_power='auto', n_components=None, random_state=None,
  svd_solver='auto', tol=0.0, whiten=False)"|80|"SMOTE(k=None, k_neighbors=5, kind='regular', m=None, m_neighbors=10, n_jobs=1,
   out_step=0.5, random_state=None, ratio='auto', svm_estimator=None)"|"{'catboostclassifier__depth': 4, 'catboostclassifier__iterations': 100, 'catboostclassifier__l2_leaf_reg': 3.6480819590507814, 'catboostclassifier__learning_rate': 0.35464676307059984, 'catboostclassifier__rsm': 0.3, 'featureunion__neigh_pipeline__encoder': OneHotEncoder(categorical_features=None, categories=None,
       dtype=<class 'numpy.float64'>, handle_unknown='ignore',
       n_values=None, sparse=False), 'pca': PCA(copy=True, iterated_power='auto', n_components=None, random_state=None,
  svd_solver='auto', tol=0.0, whiten=False), 'selectpercentile__percentile': 80, 'smote': SMOTE(k=None, k_neighbors=5, kind='regular', m=None, m_neighbors=10, n_jobs=1,
   out_step=0.5, random_state=None, ratio='auto', svm_estimator=None)}"|0.709519601199027|0.7482991600712164|0.7289093806351217|0.019389779436094712|34|0.6913199840257244|0.7104942312977411|0.7009071076617328|0.009587123636008388
62.32153105735779|14.004799365997314|0.7896342277526855|0.07870817184448242|10|200|5.639358014853273|0.10008729377247363|0.3|"OneHotEncoder(categorical_features=None,
       categories=[array([ 3,  4,  6,  8, 11, 13, 17, 19, 24, 26, 28, 29, 31, 32, 34, 36, 37,
       39, 43, 48, 49, 50, 51, 55, 60, 61, 63, 68, 75, 77])],
       dtype=<class 'numpy.float64'>, handle_unknown='ignore',
       n_values=None, sparse=False)"||80|"SMOTE(k=None, k_neighbors=5, kind='regular', m=None, m_neighbors=10, n_jobs=1,
   out_step=0.5, random_state=None, ratio='auto', svm_estimator=None)"|"{'catboostclassifier__depth': 10, 'catboostclassifier__iterations': 200, 'catboostclassifier__l2_leaf_reg': 5.639358014853273, 'catboostclassifier__learning_rate': 0.10008729377247363, 'catboostclassifier__rsm': 0.3, 'featureunion__neigh_pipeline__encoder': OneHotEncoder(categorical_features=None,
       categories=[array([ 3,  4,  6,  8, 11, 13, 17, 19, 24, 26, 28, 29, 31, 32, 34, 36, 37,
       39, 43, 48, 49, 50, 51, 55, 60, 61, 63, 68, 75, 77])],
       dtype=<class 'numpy.float64'>, handle_unknown='ignore',
       n_values=None, sparse=False), 'pca': None, 'selectpercentile__percentile': 80, 'smote': SMOTE(k=None, k_neighbors=5, kind='regular', m=None, m_neighbors=10, n_jobs=1,
   out_step=0.5, random_state=None, ratio='auto', svm_estimator=None)}"|0.7247705707549323|0.7612164536770545|0.7429935122159934|0.01822294146106107|20|0.7415656078643649|0.8184665527336633|0.7800160802990141|0.03845047243464922
27.749568223953247|0.8607363700866699|0.8427655696868896|0.14826560020446777|8|150|3.1255883998960363|0.42711539455441444|0.2|"OneHotEncoder(categorical_features=None,
       categories=[array([ 3,  4,  6,  8, 11, 13, 17, 19, 24, 26, 28, 29, 31, 32, 34, 36, 37,
       39, 43, 48, 49, 50, 51, 55, 60, 61, 63, 68, 75, 77])],
       dtype=<class 'numpy.float64'>, handle_unknown='ignore',
       n_values=None, sparse=False)"|"PCA(copy=True, iterated_power='auto', n_components=None, random_state=None,
  svd_solver='auto', tol=0.0, whiten=False)"|90|"SMOTE(k=None, k_neighbors=5, kind='regular', m=None, m_neighbors=10, n_jobs=1,
   out_step=0.5, random_state=None, ratio='auto', svm_estimator=None)"|"{'catboostclassifier__depth': 8, 'catboostclassifier__iterations': 150, 'catboostclassifier__l2_leaf_reg': 3.1255883998960363, 'catboostclassifier__learning_rate': 0.42711539455441444, 'catboostclassifier__rsm': 0.2, 'featureunion__neigh_pipeline__encoder': OneHotEncoder(categorical_features=None,
       categories=[array([ 3,  4,  6,  8, 11, 13, 17, 19, 24, 26, 28, 29, 31, 32, 34, 36, 37,
       39, 43, 48, 49, 50, 51, 55, 60, 61, 63, 68, 75, 77])],
       dtype=<class 'numpy.float64'>, handle_unknown='ignore',
       n_values=None, sparse=False), 'pca': PCA(copy=True, iterated_power='auto', n_components=None, random_state=None,
  svd_solver='auto', tol=0.0, whiten=False), 'selectpercentile__percentile': 90, 'smote': SMOTE(k=None, k_neighbors=5, kind='regular', m=None, m_neighbors=10, n_jobs=1,
   out_step=0.5, random_state=None, ratio='auto', svm_estimator=None)}"|0.6886989854677541|0.7237698318373037|0.706234408652529|0.0175354231847748|39|0.802412338567043|0.8226525859670815|0.8125324622670622|0.010120123700019246
25.062938690185547|2.2737255096435547|0.6029776334762573|0.048943400382995605|8|250|6.133439510314294|0.08195744702676153|0.3|"OneHotEncoder(categorical_features=None,
       categories=[array([ 4,  6,  8, 24, 26, 32, 36, 39, 50, 68])],
       dtype=<class 'numpy.float64'>, handle_unknown='ignore',
       n_values=None, sparse=False)"||80||"{'catboostclassifier__depth': 8, 'catboostclassifier__iterations': 250, 'catboostclassifier__l2_leaf_reg': 6.133439510314294, 'catboostclassifier__learning_rate': 0.08195744702676153, 'catboostclassifier__rsm': 0.3, 'featureunion__neigh_pipeline__encoder': OneHotEncoder(categorical_features=None,
       categories=[array([ 4,  6,  8, 24, 26, 32, 36, 39, 50, 68])],
       dtype=<class 'numpy.float64'>, handle_unknown='ignore',
       n_values=None, sparse=False), 'pca': None, 'selectpercentile__percentile': 80, 'smote': None}"|0.7266105598763901|0.769734265982901|0.7481724129296455|0.02156185305325542|4|0.7109955444734971|0.7769115742630095|0.7439535593682534|0.032958014894756194
9.864213585853577|1.6893011331558228|0.7717798948287964|0.192010760307312|3|200|6.273144752836756|0.17433977331061057|0.4|"OneHotEncoder(categorical_features=None, categories=None,
       dtype=<class 'numpy.float64'>, handle_unknown='ignore',
       n_values=None, sparse=False)"||80|"RandomUnderSampler(random_state=None, ratio='auto', replacement=False,
          return_indices=False)"|"{'catboostclassifier__depth': 3, 'catboostclassifier__iterations': 200, 'catboostclassifier__l2_leaf_reg': 6.273144752836756, 'catboostclassifier__learning_rate': 0.17433977331061057, 'catboostclassifier__rsm': 0.4, 'featureunion__neigh_pipeline__encoder': OneHotEncoder(categorical_features=None, categories=None,
       dtype=<class 'numpy.float64'>, handle_unknown='ignore',
       n_values=None, sparse=False), 'pca': None, 'selectpercentile__percentile': 80, 'smote': RandomUnderSampler(random_state=None, ratio='auto', replacement=False,
          return_indices=False)}"|0.7268270982827462|0.7710942510331769|0.7489606746579615|0.022133576375215347|2|0.695285680217056|0.7285740691155627|0.7119298746663093|0.016644194449253358
