mean_fit_time|std_fit_time|mean_score_time|std_score_time|param_featureunion__neigh_pipeline__encoder|param_lgbmclassifier__colsample_bytree|param_lgbmclassifier__gamma|param_lgbmclassifier__learning_rate|param_lgbmclassifier__max_depth|param_lgbmclassifier__min_child_weight|param_lgbmclassifier__n_estimators|param_lgbmclassifier__reg_alpha|param_lgbmclassifier__subsample|param_pca|param_selectpercentile__percentile|param_smote|params|split0_test_score|split1_test_score|mean_test_score|std_test_score|rank_test_score|split0_train_score|split1_train_score|mean_train_score|std_train_score
0.8359270095825195|0.19890880584716797|0.30149197578430176|0.0002892017364501953|"OneHotEncoder(categorical_features=None,
       categories=[array([ 3,  4,  6,  8, 11, 13, 17, 24, 26, 32, 36, 39, 43, 49, 50, 51, 55,
       60, 61, 68])],
       dtype=<class 'numpy.float64'>, handle_unknown='ignore',
       n_values=None, sparse=False)"|0.9637303714012853|2.3007320410264565|0.43403368367427353|5|18.25778887128096|100|5.742646591553398|0.9352298746368491||100|"RandomUnderSampler(random_state=None, ratio='auto', replacement=False,
          return_indices=False)"|"{'featureunion__neigh_pipeline__encoder': OneHotEncoder(categorical_features=None,
       categories=[array([ 3,  4,  6,  8, 11, 13, 17, 24, 26, 32, 36, 39, 43, 49, 50, 51, 55,
       60, 61, 68])],
       dtype=<class 'numpy.float64'>, handle_unknown='ignore',
       n_values=None, sparse=False), 'lgbmclassifier__colsample_bytree': 0.9637303714012853, 'lgbmclassifier__gamma': 2.3007320410264565, 'lgbmclassifier__learning_rate': 0.43403368367427353, 'lgbmclassifier__max_depth': 5, 'lgbmclassifier__min_child_weight': 18.25778887128096, 'lgbmclassifier__n_estimators': 100, 'lgbmclassifier__reg_alpha': 5.742646591553398, 'lgbmclassifier__subsample': 0.9352298746368491, 'pca': None, 'selectpercentile__percentile': 100, 'smote': RandomUnderSampler(random_state=None, ratio='auto', replacement=False,
          return_indices=False)}"|0.7171271485228567|0.7625904686995577|0.7398588086112072|0.02273166008835048|19|0.7393271719545337|0.7589715828686454|0.7491493774115896|0.009822205457055866
1.1569557189941406|0.43108201026916504|0.25442826747894287|0.002870917320251465|"OneHotEncoder(categorical_features=None, categories=None,
       dtype=<class 'numpy.float64'>, handle_unknown='ignore',
       n_values=None, sparse=False)"|0.8397101534461597|1.1933980943976341|0.1634135684484338|9|5.948589083023318|100|1.6226161208245182|0.9080044321075571||70||"{'featureunion__neigh_pipeline__encoder': OneHotEncoder(categorical_features=None, categories=None,
       dtype=<class 'numpy.float64'>, handle_unknown='ignore',
       n_values=None, sparse=False), 'lgbmclassifier__colsample_bytree': 0.8397101534461597, 'lgbmclassifier__gamma': 1.1933980943976341, 'lgbmclassifier__learning_rate': 0.1634135684484338, 'lgbmclassifier__max_depth': 9, 'lgbmclassifier__min_child_weight': 5.948589083023318, 'lgbmclassifier__n_estimators': 100, 'lgbmclassifier__reg_alpha': 1.6226161208245182, 'lgbmclassifier__subsample': 0.9080044321075571, 'pca': None, 'selectpercentile__percentile': 70, 'smote': None}"|0.7231998847278878|0.7705241759540465|0.7468620303409672|0.02366214561307939|7|0.760033667640276|0.7761427231527618|0.7680881953965188|0.00805452775624288
1.4245332479476929|0.5051246881484985|0.3307849168777466|0.03612220287322998|"OneHotEncoder(categorical_features=None, categories=None,
       dtype=<class 'numpy.float64'>, handle_unknown='ignore',
       n_values=None, sparse=False)"|0.9376041019363989|8.465137504426497|0.07445238604527984|5|9.728669540104804|100|6.0596756402715055|0.8456736973902027||70||"{'featureunion__neigh_pipeline__encoder': OneHotEncoder(categorical_features=None, categories=None,
       dtype=<class 'numpy.float64'>, handle_unknown='ignore',
       n_values=None, sparse=False), 'lgbmclassifier__colsample_bytree': 0.9376041019363989, 'lgbmclassifier__gamma': 8.465137504426497, 'lgbmclassifier__learning_rate': 0.07445238604527984, 'lgbmclassifier__max_depth': 5, 'lgbmclassifier__min_child_weight': 9.728669540104804, 'lgbmclassifier__n_estimators': 100, 'lgbmclassifier__reg_alpha': 6.0596756402715055, 'lgbmclassifier__subsample': 0.8456736973902027, 'pca': None, 'selectpercentile__percentile': 70, 'smote': None}"|0.7305584855866556|0.7706565676461663|0.750607526616411|0.020049041029755355|2|0.6976301182080256|0.7375064509426131|0.7175682845753193|0.019938166367293786
1.236711859703064|0.28137147426605225|0.3781404495239258|0.07837462425231934|"OneHotEncoder(categorical_features=None,
       categories=[array([ 3,  4,  6,  8, 11, 13, 17, 24, 26, 32, 36, 39, 43, 49, 50, 51, 55,
       60, 61, 68])],
       dtype=<class 'numpy.float64'>, handle_unknown='ignore',
       n_values=None, sparse=False)"|0.9682254814483251|0.2038220100413024|0.18123360455999116|5|5.721987963152545|150|3.1461704817160996|0.8838721154849556||70||"{'featureunion__neigh_pipeline__encoder': OneHotEncoder(categorical_features=None,
       categories=[array([ 3,  4,  6,  8, 11, 13, 17, 24, 26, 32, 36, 39, 43, 49, 50, 51, 55,
       60, 61, 68])],
       dtype=<class 'numpy.float64'>, handle_unknown='ignore',
       n_values=None, sparse=False), 'lgbmclassifier__colsample_bytree': 0.9682254814483251, 'lgbmclassifier__gamma': 0.2038220100413024, 'lgbmclassifier__learning_rate': 0.18123360455999116, 'lgbmclassifier__max_depth': 5, 'lgbmclassifier__min_child_weight': 5.721987963152545, 'lgbmclassifier__n_estimators': 150, 'lgbmclassifier__reg_alpha': 3.1461704817160996, 'lgbmclassifier__subsample': 0.8838721154849556, 'pca': None, 'selectpercentile__percentile': 70, 'smote': None}"|0.7223755047345609|0.7664977032910426|0.7444366040128018|0.022061099278240848|16|0.7403533956322502|0.7694521712958348|0.7549027834640425|0.014549387831792271
3.9246673583984375|1.4235284328460693|0.3095327615737915|0.029986977577209473|"OneHotEncoder(categorical_features=None,
       categories=[array([ 3,  4,  6,  8, 11, 13, 17, 19, 24, 26, 28, 29, 31, 32, 34, 36, 37,
       39, 43, 48, 49, 50, 51, 55, 60, 61, 63, 68, 75, 77])],
       dtype=<class 'numpy.float64'>, handle_unknown='ignore',
       n_values=None, sparse=False)"|0.9717328069968373|0.6004471427865221|0.13118765705289165|6|9.288018360779656|100|3.7419438849755116|0.9788551501170936||80|"SMOTE(k=None, k_neighbors=5, kind='regular', m=None, m_neighbors=10, n_jobs=1,
   out_step=0.5, random_state=None, ratio='auto', svm_estimator=None)"|"{'featureunion__neigh_pipeline__encoder': OneHotEncoder(categorical_features=None,
       categories=[array([ 3,  4,  6,  8, 11, 13, 17, 19, 24, 26, 28, 29, 31, 32, 34, 36, 37,
       39, 43, 48, 49, 50, 51, 55, 60, 61, 63, 68, 75, 77])],
       dtype=<class 'numpy.float64'>, handle_unknown='ignore',
       n_values=None, sparse=False), 'lgbmclassifier__colsample_bytree': 0.9717328069968373, 'lgbmclassifier__gamma': 0.6004471427865221, 'lgbmclassifier__learning_rate': 0.13118765705289165, 'lgbmclassifier__max_depth': 6, 'lgbmclassifier__min_child_weight': 9.288018360779656, 'lgbmclassifier__n_estimators': 100, 'lgbmclassifier__reg_alpha': 3.7419438849755116, 'lgbmclassifier__subsample': 0.9788551501170936, 'pca': None, 'selectpercentile__percentile': 80, 'smote': SMOTE(k=None, k_neighbors=5, kind='regular', m=None, m_neighbors=10, n_jobs=1,
   out_step=0.5, random_state=None, ratio='auto', svm_estimator=None)}"|0.7286221834482545|0.768860280505967|0.7487412319771107|0.020119048528856265|3|0.7186177484525172|0.748675141659829|0.733646445056173|0.015028696603655856
6.499752640724182|2.416932463645935|0.5012887716293335|0.053539156913757324|"OneHotEncoder(categorical_features=None,
       categories=[array([ 4,  6,  8, 24, 26, 32, 36, 39, 50, 68])],
       dtype=<class 'numpy.float64'>, handle_unknown='ignore',
       n_values=None, sparse=False)"|0.8754448399861247|2.872329426141044|0.223373079055117|6|12.987703201407864|150|9.39835670621|0.9749218834621786|"PCA(copy=True, iterated_power='auto', n_components=None, random_state=None,
  svd_solver='auto', tol=0.0, whiten=False)"|80|"SMOTE(k=None, k_neighbors=5, kind='regular', m=None, m_neighbors=10, n_jobs=1,
   out_step=0.5, random_state=None, ratio='auto', svm_estimator=None)"|"{'featureunion__neigh_pipeline__encoder': OneHotEncoder(categorical_features=None,
       categories=[array([ 4,  6,  8, 24, 26, 32, 36, 39, 50, 68])],
       dtype=<class 'numpy.float64'>, handle_unknown='ignore',
       n_values=None, sparse=False), 'lgbmclassifier__colsample_bytree': 0.8754448399861247, 'lgbmclassifier__gamma': 2.872329426141044, 'lgbmclassifier__learning_rate': 0.223373079055117, 'lgbmclassifier__max_depth': 6, 'lgbmclassifier__min_child_weight': 12.987703201407864, 'lgbmclassifier__n_estimators': 150, 'lgbmclassifier__reg_alpha': 9.39835670621, 'lgbmclassifier__subsample': 0.9749218834621786, 'pca': PCA(copy=True, iterated_power='auto', n_components=None, random_state=None,
  svd_solver='auto', tol=0.0, whiten=False), 'selectpercentile__percentile': 80, 'smote': SMOTE(k=None, k_neighbors=5, kind='regular', m=None, m_neighbors=10, n_jobs=1,
   out_step=0.5, random_state=None, ratio='auto', svm_estimator=None)}"|0.7069016186580814|0.7467096167989762|0.7268056177285288|0.019903999070447376|35|0.8051157584728847|0.7912301146977243|0.7981729365853045|0.0069428218875802195
4.844529628753662|1.811471939086914|0.3395860195159912|0.1153116226196289|"OneHotEncoder(categorical_features=None,
       categories=[array([ 3,  4,  6,  8, 11, 13, 17, 19, 24, 26, 28, 29, 31, 32, 34, 36, 37,
       39, 43, 48, 49, 50, 51, 55, 60, 61, 63, 68, 75, 77])],
       dtype=<class 'numpy.float64'>, handle_unknown='ignore',
       n_values=None, sparse=False)"|0.981292638772102|4.149361154144354|0.3701424558659763|3|20.361717756585|50|0.5719123646911428|0.8063383132607043|"PCA(copy=True, iterated_power='auto', n_components=None, random_state=None,
  svd_solver='auto', tol=0.0, whiten=False)"|90|"SMOTE(k=None, k_neighbors=5, kind='regular', m=None, m_neighbors=10, n_jobs=1,
   out_step=0.5, random_state=None, ratio='auto', svm_estimator=None)"|"{'featureunion__neigh_pipeline__encoder': OneHotEncoder(categorical_features=None,
       categories=[array([ 3,  4,  6,  8, 11, 13, 17, 19, 24, 26, 28, 29, 31, 32, 34, 36, 37,
       39, 43, 48, 49, 50, 51, 55, 60, 61, 63, 68, 75, 77])],
       dtype=<class 'numpy.float64'>, handle_unknown='ignore',
       n_values=None, sparse=False), 'lgbmclassifier__colsample_bytree': 0.981292638772102, 'lgbmclassifier__gamma': 4.149361154144354, 'lgbmclassifier__learning_rate': 0.3701424558659763, 'lgbmclassifier__max_depth': 3, 'lgbmclassifier__min_child_weight': 20.361717756585, 'lgbmclassifier__n_estimators': 50, 'lgbmclassifier__reg_alpha': 0.5719123646911428, 'lgbmclassifier__subsample': 0.8063383132607043, 'pca': PCA(copy=True, iterated_power='auto', n_components=None, random_state=None,
  svd_solver='auto', tol=0.0, whiten=False), 'selectpercentile__percentile': 90, 'smote': SMOTE(k=None, k_neighbors=5, kind='regular', m=None, m_neighbors=10, n_jobs=1,
   out_step=0.5, random_state=None, ratio='auto', svm_estimator=None)}"|0.7135479851216533|0.7560212492734628|0.734784617197558|0.02123663207590476|26|0.6946105743901393|0.7171291052320745|0.705869839811107|0.011259265420967612
13.483873009681702|3.3067749738693237|0.6513917446136475|0.016552448272705078|"OneHotEncoder(categorical_features=None, categories=None,
       dtype=<class 'numpy.float64'>, handle_unknown='ignore',
       n_values=None, sparse=False)"|0.998019353191748|7.5846205458505604|0.2500623058713813|5|7.1423919227202965|100|5.275531564911848|0.9988302351366376|"PCA(copy=True, iterated_power='auto', n_components=None, random_state=None,
  svd_solver='auto', tol=0.0, whiten=False)"|100|"SMOTE(k=None, k_neighbors=5, kind='regular', m=None, m_neighbors=10, n_jobs=1,
   out_step=0.5, random_state=None, ratio='auto', svm_estimator=None)"|"{'featureunion__neigh_pipeline__encoder': OneHotEncoder(categorical_features=None, categories=None,
       dtype=<class 'numpy.float64'>, handle_unknown='ignore',
       n_values=None, sparse=False), 'lgbmclassifier__colsample_bytree': 0.998019353191748, 'lgbmclassifier__gamma': 7.5846205458505604, 'lgbmclassifier__learning_rate': 0.2500623058713813, 'lgbmclassifier__max_depth': 5, 'lgbmclassifier__min_child_weight': 7.1423919227202965, 'lgbmclassifier__n_estimators': 100, 'lgbmclassifier__reg_alpha': 5.275531564911848, 'lgbmclassifier__subsample': 0.9988302351366376, 'pca': PCA(copy=True, iterated_power='auto', n_components=None, random_state=None,
  svd_solver='auto', tol=0.0, whiten=False), 'selectpercentile__percentile': 100, 'smote': SMOTE(k=None, k_neighbors=5, kind='regular', m=None, m_neighbors=10, n_jobs=1,
   out_step=0.5, random_state=None, ratio='auto', svm_estimator=None)}"|0.7071899767258834|0.7532625068731006|0.730226241799492|0.023036265073608623|33|0.8009487330703895|0.7803768046329266|0.7906627688516581|0.010285964218731458
1.162776231765747|0.4206528663635254|0.4767106771469116|0.024978995323181152|"OneHotEncoder(categorical_features=None, categories=None,
       dtype=<class 'numpy.float64'>, handle_unknown='ignore',
       n_values=None, sparse=False)"|0.9922540565994744|8.096726044263363|0.14350244224488873|9|6.924891214122825|100|4.5462987798963335|0.9447515432236463||90|"RandomUnderSampler(random_state=None, ratio='auto', replacement=False,
          return_indices=False)"|"{'featureunion__neigh_pipeline__encoder': OneHotEncoder(categorical_features=None, categories=None,
       dtype=<class 'numpy.float64'>, handle_unknown='ignore',
       n_values=None, sparse=False), 'lgbmclassifier__colsample_bytree': 0.9922540565994744, 'lgbmclassifier__gamma': 8.096726044263363, 'lgbmclassifier__learning_rate': 0.14350244224488873, 'lgbmclassifier__max_depth': 9, 'lgbmclassifier__min_child_weight': 6.924891214122825, 'lgbmclassifier__n_estimators': 100, 'lgbmclassifier__reg_alpha': 4.5462987798963335, 'lgbmclassifier__subsample': 0.9447515432236463, 'pca': None, 'selectpercentile__percentile': 90, 'smote': RandomUnderSampler(random_state=None, ratio='auto', replacement=False,
          return_indices=False)}"|0.7218558741498567|0.7696483417924913|0.745752107971174|0.023896233821317284|13|0.7431746939608903|0.7593007619684387|0.7512377279646645|0.008063034003774172
0.9422016143798828|0.22749567031860352|0.2223755121231079|0.026581406593322754|"OneHotEncoder(categorical_features=None,
       categories=[array([ 3,  4,  6,  8, 11, 13, 17, 24, 26, 32, 36, 39, 43, 49, 50, 51, 55,
       60, 61, 68])],
       dtype=<class 'numpy.float64'>, handle_unknown='ignore',
       n_values=None, sparse=False)"|0.9059060655971324|3.901416241767126|0.06976006709028706|3|6.0149500965701455|100|1.0571698419308073|0.6410429610406952||80||"{'featureunion__neigh_pipeline__encoder': OneHotEncoder(categorical_features=None,
       categories=[array([ 3,  4,  6,  8, 11, 13, 17, 24, 26, 32, 36, 39, 43, 49, 50, 51, 55,
       60, 61, 68])],
       dtype=<class 'numpy.float64'>, handle_unknown='ignore',
       n_values=None, sparse=False), 'lgbmclassifier__colsample_bytree': 0.9059060655971324, 'lgbmclassifier__gamma': 3.901416241767126, 'lgbmclassifier__learning_rate': 0.06976006709028706, 'lgbmclassifier__max_depth': 3, 'lgbmclassifier__min_child_weight': 6.0149500965701455, 'lgbmclassifier__n_estimators': 100, 'lgbmclassifier__reg_alpha': 1.0571698419308073, 'lgbmclassifier__subsample': 0.6410429610406952, 'pca': None, 'selectpercentile__percentile': 80, 'smote': None}"|0.7322158841242241|0.7700996545338427|0.7511577693290333|0.018941885204809272|1|0.6831421323335906|0.723953246419353|0.7035476893764718|0.020405557042881217
1.1710031032562256|0.07431769371032715|0.5109316110610962|0.07290327548980713|"OneHotEncoder(categorical_features=None,
       categories=[array([ 3,  4,  6,  8, 11, 13, 17, 19, 24, 26, 28, 29, 31, 32, 34, 36, 37,
       39, 43, 48, 49, 50, 51, 55, 60, 61, 63, 68, 75, 77])],
       dtype=<class 'numpy.float64'>, handle_unknown='ignore',
       n_values=None, sparse=False)"|0.9777316299407258|7.374899310697492|0.4345078300812272|11|12.739129929507907|150|3.179546475436775|0.9620770547788432||100|"RandomUnderSampler(random_state=None, ratio='auto', replacement=False,
          return_indices=False)"|"{'featureunion__neigh_pipeline__encoder': OneHotEncoder(categorical_features=None,
       categories=[array([ 3,  4,  6,  8, 11, 13, 17, 19, 24, 26, 28, 29, 31, 32, 34, 36, 37,
       39, 43, 48, 49, 50, 51, 55, 60, 61, 63, 68, 75, 77])],
       dtype=<class 'numpy.float64'>, handle_unknown='ignore',
       n_values=None, sparse=False), 'lgbmclassifier__colsample_bytree': 0.9777316299407258, 'lgbmclassifier__gamma': 7.374899310697492, 'lgbmclassifier__learning_rate': 0.4345078300812272, 'lgbmclassifier__max_depth': 11, 'lgbmclassifier__min_child_weight': 12.739129929507907, 'lgbmclassifier__n_estimators': 150, 'lgbmclassifier__reg_alpha': 3.179546475436775, 'lgbmclassifier__subsample': 0.9620770547788432, 'pca': None, 'selectpercentile__percentile': 100, 'smote': RandomUnderSampler(random_state=None, ratio='auto', replacement=False,
          return_indices=False)}"|0.7103788877955544|0.7537554963939382|0.7320671920947464|0.02168830429919194|32|0.8019103063461521|0.795856438192641|0.7988833722693965|0.003026934076755583
5.773897171020508|1.4227044582366943|0.6241213083267212|0.1363753080368042|"OneHotEncoder(categorical_features=None,
       categories=[array([ 3,  4,  6,  8, 11, 13, 17, 19, 24, 26, 28, 29, 31, 32, 34, 36, 37,
       39, 43, 48, 49, 50, 51, 55, 60, 61, 63, 68, 75, 77])],
       dtype=<class 'numpy.float64'>, handle_unknown='ignore',
       n_values=None, sparse=False)"|0.982777563914875|3.0281887257411766|0.40167054859792783|11|6.3853207151862215|250|0.7745754349177858|0.9608295370421641||80|"SMOTE(k=None, k_neighbors=5, kind='regular', m=None, m_neighbors=10, n_jobs=1,
   out_step=0.5, random_state=None, ratio='auto', svm_estimator=None)"|"{'featureunion__neigh_pipeline__encoder': OneHotEncoder(categorical_features=None,
       categories=[array([ 3,  4,  6,  8, 11, 13, 17, 19, 24, 26, 28, 29, 31, 32, 34, 36, 37,
       39, 43, 48, 49, 50, 51, 55, 60, 61, 63, 68, 75, 77])],
       dtype=<class 'numpy.float64'>, handle_unknown='ignore',
       n_values=None, sparse=False), 'lgbmclassifier__colsample_bytree': 0.982777563914875, 'lgbmclassifier__gamma': 3.0281887257411766, 'lgbmclassifier__learning_rate': 0.40167054859792783, 'lgbmclassifier__max_depth': 11, 'lgbmclassifier__min_child_weight': 6.3853207151862215, 'lgbmclassifier__n_estimators': 250, 'lgbmclassifier__reg_alpha': 0.7745754349177858, 'lgbmclassifier__subsample': 0.9608295370421641, 'pca': None, 'selectpercentile__percentile': 80, 'smote': SMOTE(k=None, k_neighbors=5, kind='regular', m=None, m_neighbors=10, n_jobs=1,
   out_step=0.5, random_state=None, ratio='auto', svm_estimator=None)}"|0.6969377121175382|0.739972621940573|0.7184551670290555|0.02151745491151741|38|0.8740637017803105|0.8663363925101564|0.8702000471452334|0.0038636546350770407
2.9353266954421997|1.2138820886611938|0.8042476177215576|0.04388093948364258|"OneHotEncoder(categorical_features=None,
       categories=[array([ 3,  4,  6,  8, 11, 13, 17, 24, 26, 32, 36, 39, 43, 49, 50, 51, 55,
       60, 61, 68])],
       dtype=<class 'numpy.float64'>, handle_unknown='ignore',
       n_values=None, sparse=False)"|0.993713131220766|4.717261729602903|0.3084017453823479|6|3.990881128600098|250|4.0150178638476355|0.9929488704723108||90||"{'featureunion__neigh_pipeline__encoder': OneHotEncoder(categorical_features=None,
       categories=[array([ 3,  4,  6,  8, 11, 13, 17, 24, 26, 32, 36, 39, 43, 49, 50, 51, 55,
       60, 61, 68])],
       dtype=<class 'numpy.float64'>, handle_unknown='ignore',
       n_values=None, sparse=False), 'lgbmclassifier__colsample_bytree': 0.993713131220766, 'lgbmclassifier__gamma': 4.717261729602903, 'lgbmclassifier__learning_rate': 0.3084017453823479, 'lgbmclassifier__max_depth': 6, 'lgbmclassifier__min_child_weight': 3.990881128600098, 'lgbmclassifier__n_estimators': 250, 'lgbmclassifier__reg_alpha': 4.0150178638476355, 'lgbmclassifier__subsample': 0.9929488704723108, 'pca': None, 'selectpercentile__percentile': 90, 'smote': None}"|0.7143920232947907|0.7569517886420156|0.7356719059684033|0.02127988267361247|25|0.8095682562793842|0.8227083862314161|0.8161383212554001|0.006570064976015921
1.463815450668335|0.06655049324035645|0.7081429958343506|0.08577728271484375|"OneHotEncoder(categorical_features=None,
       categories=[array([ 4,  6,  8, 24, 26, 32, 36, 39, 50, 68])],
       dtype=<class 'numpy.float64'>, handle_unknown='ignore',
       n_values=None, sparse=False)"|0.876524094590386|6.548289172077015|0.43505139282776056|9|14.34988659248015|250|3.821770203166756|0.964936592623242||90|"RandomUnderSampler(random_state=None, ratio='auto', replacement=False,
          return_indices=False)"|"{'featureunion__neigh_pipeline__encoder': OneHotEncoder(categorical_features=None,
       categories=[array([ 4,  6,  8, 24, 26, 32, 36, 39, 50, 68])],
       dtype=<class 'numpy.float64'>, handle_unknown='ignore',
       n_values=None, sparse=False), 'lgbmclassifier__colsample_bytree': 0.876524094590386, 'lgbmclassifier__gamma': 6.548289172077015, 'lgbmclassifier__learning_rate': 0.43505139282776056, 'lgbmclassifier__max_depth': 9, 'lgbmclassifier__min_child_weight': 14.34988659248015, 'lgbmclassifier__n_estimators': 250, 'lgbmclassifier__reg_alpha': 3.821770203166756, 'lgbmclassifier__subsample': 0.964936592623242, 'pca': None, 'selectpercentile__percentile': 90, 'smote': RandomUnderSampler(random_state=None, ratio='auto', replacement=False,
          return_indices=False)}"|0.7078412364761437|0.7510949429336513|0.7294680897048976|0.021626853228753795|34|0.8054525949082024|0.8055491628179525|0.8055008788630775|4.828395487505022e-05
1.8325029611587524|0.29676735401153564|0.918371319770813|0.03639876842498779|"OneHotEncoder(categorical_features=None, categories=None,
       dtype=<class 'numpy.float64'>, handle_unknown='ignore',
       n_values=None, sparse=False)"|0.9996696600731046|5.407603744437415|0.38723767821046434|9|8.344807936985296|200|4.822705916123431|0.9740990102694572||90|"RandomUnderSampler(random_state=None, ratio='auto', replacement=False,
          return_indices=False)"|"{'featureunion__neigh_pipeline__encoder': OneHotEncoder(categorical_features=None, categories=None,
       dtype=<class 'numpy.float64'>, handle_unknown='ignore',
       n_values=None, sparse=False), 'lgbmclassifier__colsample_bytree': 0.9996696600731046, 'lgbmclassifier__gamma': 5.407603744437415, 'lgbmclassifier__learning_rate': 0.38723767821046434, 'lgbmclassifier__max_depth': 9, 'lgbmclassifier__min_child_weight': 8.344807936985296, 'lgbmclassifier__n_estimators': 200, 'lgbmclassifier__reg_alpha': 4.822705916123431, 'lgbmclassifier__subsample': 0.9740990102694572, 'pca': None, 'selectpercentile__percentile': 90, 'smote': RandomUnderSampler(random_state=None, ratio='auto', replacement=False,
          return_indices=False)}"|0.7104609175193826|0.7547938645704558|0.7326273910449191|0.02216647352553663|31|0.7993131040380735|0.8023372289194228|0.8008251664787482|0.0015120624406746441
6.877669453620911|2.424199938774109|0.5869065523147583|0.086814284324646|"OneHotEncoder(categorical_features=None,
       categories=[array([ 3,  4,  6,  8, 11, 13, 17, 24, 26, 32, 36, 39, 43, 49, 50, 51, 55,
       60, 61, 68])],
       dtype=<class 'numpy.float64'>, handle_unknown='ignore',
       n_values=None, sparse=False)"|0.9709860271117906|1.9932464823313834|0.14945411704419903|5|3.5654626951114867|150|3.5293660785662535|0.9918637597076315|"PCA(copy=True, iterated_power='auto', n_components=None, random_state=None,
  svd_solver='auto', tol=0.0, whiten=False)"|100||"{'featureunion__neigh_pipeline__encoder': OneHotEncoder(categorical_features=None,
       categories=[array([ 3,  4,  6,  8, 11, 13, 17, 24, 26, 32, 36, 39, 43, 49, 50, 51, 55,
       60, 61, 68])],
       dtype=<class 'numpy.float64'>, handle_unknown='ignore',
       n_values=None, sparse=False), 'lgbmclassifier__colsample_bytree': 0.9709860271117906, 'lgbmclassifier__gamma': 1.9932464823313834, 'lgbmclassifier__learning_rate': 0.14945411704419903, 'lgbmclassifier__max_depth': 5, 'lgbmclassifier__min_child_weight': 3.5654626951114867, 'lgbmclassifier__n_estimators': 150, 'lgbmclassifier__reg_alpha': 3.5293660785662535, 'lgbmclassifier__subsample': 0.9918637597076315, 'pca': PCA(copy=True, iterated_power='auto', n_components=None, random_state=None,
  svd_solver='auto', tol=0.0, whiten=False), 'selectpercentile__percentile': 100, 'smote': None}"|0.7153308886922112|0.7616348990593158|0.7384828938757635|0.023152005183552316|21|0.8123350174383213|0.8072149045025493|0.8097749609704352|0.002560056467885985
12.532901287078857|4.896949768066406|0.6384106874465942|0.04628574848175049|"OneHotEncoder(categorical_features=None, categories=None,
       dtype=<class 'numpy.float64'>, handle_unknown='ignore',
       n_values=None, sparse=False)"|0.7975679894746824|6.214826071813238|0.36540656785043135|5|19.79204114604765|150|3.5811048540119046|0.970593804110535|"PCA(copy=True, iterated_power='auto', n_components=None, random_state=None,
  svd_solver='auto', tol=0.0, whiten=False)"|70|"SMOTE(k=None, k_neighbors=5, kind='regular', m=None, m_neighbors=10, n_jobs=1,
   out_step=0.5, random_state=None, ratio='auto', svm_estimator=None)"|"{'featureunion__neigh_pipeline__encoder': OneHotEncoder(categorical_features=None, categories=None,
       dtype=<class 'numpy.float64'>, handle_unknown='ignore',
       n_values=None, sparse=False), 'lgbmclassifier__colsample_bytree': 0.7975679894746824, 'lgbmclassifier__gamma': 6.214826071813238, 'lgbmclassifier__learning_rate': 0.36540656785043135, 'lgbmclassifier__max_depth': 5, 'lgbmclassifier__min_child_weight': 19.79204114604765, 'lgbmclassifier__n_estimators': 150, 'lgbmclassifier__reg_alpha': 3.5811048540119046, 'lgbmclassifier__subsample': 0.970593804110535, 'pca': PCA(copy=True, iterated_power='auto', n_components=None, random_state=None,
  svd_solver='auto', tol=0.0, whiten=False), 'selectpercentile__percentile': 70, 'smote': SMOTE(k=None, k_neighbors=5, kind='regular', m=None, m_neighbors=10, n_jobs=1,
   out_step=0.5, random_state=None, ratio='auto', svm_estimator=None)}"|0.6965962718846147|0.7451052005877064|0.7208507362361606|0.024254464351545824|37|0.8510979797086421|0.8122984184293023|0.8316981990689722|0.019399780639669906
2.6555095911026|0.7424236536026001|0.3016941547393799|0.026048898696899414|"OneHotEncoder(categorical_features=None,
       categories=[array([ 3,  4,  6,  8, 11, 13, 17, 24, 26, 32, 36, 39, 43, 49, 50, 51, 55,
       60, 61, 68])],
       dtype=<class 'numpy.float64'>, handle_unknown='ignore',
       n_values=None, sparse=False)"|0.9682632224274011|5.105168946124243|0.11514563208589204|4|15.524470656731046|100|2.288504992907307|0.8350764168630932|"PCA(copy=True, iterated_power='auto', n_components=None, random_state=None,
  svd_solver='auto', tol=0.0, whiten=False)"|90|"RandomUnderSampler(random_state=None, ratio='auto', replacement=False,
          return_indices=False)"|"{'featureunion__neigh_pipeline__encoder': OneHotEncoder(categorical_features=None,
       categories=[array([ 3,  4,  6,  8, 11, 13, 17, 24, 26, 32, 36, 39, 43, 49, 50, 51, 55,
       60, 61, 68])],
       dtype=<class 'numpy.float64'>, handle_unknown='ignore',
       n_values=None, sparse=False), 'lgbmclassifier__colsample_bytree': 0.9682632224274011, 'lgbmclassifier__gamma': 5.105168946124243, 'lgbmclassifier__learning_rate': 0.11514563208589204, 'lgbmclassifier__max_depth': 4, 'lgbmclassifier__min_child_weight': 15.524470656731046, 'lgbmclassifier__n_estimators': 100, 'lgbmclassifier__reg_alpha': 2.288504992907307, 'lgbmclassifier__subsample': 0.8350764168630932, 'pca': PCA(copy=True, iterated_power='auto', n_components=None, random_state=None,
  svd_solver='auto', tol=0.0, whiten=False), 'selectpercentile__percentile': 90, 'smote': RandomUnderSampler(random_state=None, ratio='auto', replacement=False,
          return_indices=False)}"|0.7250466869071417|0.7672588438902267|0.7461527653986842|0.0211060784915425|10|0.7234407330932803|0.7418533001047407|0.7326470165990104|0.009206283505730217
0.9920505285263062|0.37631523609161377|0.33711791038513184|0.05428743362426758|"OneHotEncoder(categorical_features=None,
       categories=[array([ 3,  4,  6,  8, 11, 13, 17, 24, 26, 32, 36, 39, 43, 49, 50, 51, 55,
       60, 61, 68])],
       dtype=<class 'numpy.float64'>, handle_unknown='ignore',
       n_values=None, sparse=False)"|0.9246414882698785|6.874282537743106|0.2905865614145306|9|5.454212921463072|100|8.13776900532553|0.9141652089250024||90|"RandomUnderSampler(random_state=None, ratio='auto', replacement=False,
          return_indices=False)"|"{'featureunion__neigh_pipeline__encoder': OneHotEncoder(categorical_features=None,
       categories=[array([ 3,  4,  6,  8, 11, 13, 17, 24, 26, 32, 36, 39, 43, 49, 50, 51, 55,
       60, 61, 68])],
       dtype=<class 'numpy.float64'>, handle_unknown='ignore',
       n_values=None, sparse=False), 'lgbmclassifier__colsample_bytree': 0.9246414882698785, 'lgbmclassifier__gamma': 6.874282537743106, 'lgbmclassifier__learning_rate': 0.2905865614145306, 'lgbmclassifier__max_depth': 9, 'lgbmclassifier__min_child_weight': 5.454212921463072, 'lgbmclassifier__n_estimators': 100, 'lgbmclassifier__reg_alpha': 8.13776900532553, 'lgbmclassifier__subsample': 0.9141652089250024, 'pca': None, 'selectpercentile__percentile': 90, 'smote': RandomUnderSampler(random_state=None, ratio='auto', replacement=False,
          return_indices=False)}"|0.7237190009997481|0.7647342626444186|0.7442266318220833|0.020507630822335254|17|0.7379762656034954|0.7614483953403409|0.7497123304719182|0.011736064868422769
5.944232821464539|1.5301305055618286|0.8353805541992188|0.006147861480712891|"OneHotEncoder(categorical_features=None,
       categories=[array([ 3,  4,  6,  8, 11, 13, 17, 19, 24, 26, 28, 29, 31, 32, 34, 36, 37,
       39, 43, 48, 49, 50, 51, 55, 60, 61, 63, 68, 75, 77])],
       dtype=<class 'numpy.float64'>, handle_unknown='ignore',
       n_values=None, sparse=False)"|0.7094746959727223|0.7568104765028472|0.212318638492271|5|16.61595074849946|250|6.478869288501692|0.9046297874423042|"PCA(copy=True, iterated_power='auto', n_components=None, random_state=None,
  svd_solver='auto', tol=0.0, whiten=False)"|80|"RandomUnderSampler(random_state=None, ratio='auto', replacement=False,
          return_indices=False)"|"{'featureunion__neigh_pipeline__encoder': OneHotEncoder(categorical_features=None,
       categories=[array([ 3,  4,  6,  8, 11, 13, 17, 19, 24, 26, 28, 29, 31, 32, 34, 36, 37,
       39, 43, 48, 49, 50, 51, 55, 60, 61, 63, 68, 75, 77])],
       dtype=<class 'numpy.float64'>, handle_unknown='ignore',
       n_values=None, sparse=False), 'lgbmclassifier__colsample_bytree': 0.7094746959727223, 'lgbmclassifier__gamma': 0.7568104765028472, 'lgbmclassifier__learning_rate': 0.212318638492271, 'lgbmclassifier__max_depth': 5, 'lgbmclassifier__min_child_weight': 16.61595074849946, 'lgbmclassifier__n_estimators': 250, 'lgbmclassifier__reg_alpha': 6.478869288501692, 'lgbmclassifier__subsample': 0.9046297874423042, 'pca': PCA(copy=True, iterated_power='auto', n_components=None, random_state=None,
  svd_solver='auto', tol=0.0, whiten=False), 'selectpercentile__percentile': 80, 'smote': RandomUnderSampler(random_state=None, ratio='auto', replacement=False,
          return_indices=False)}"|0.7138428260711047|0.7520665080776251|0.7329546670743649|0.019111841003260188|30|0.8279140218344203|0.8222704243883998|0.8250922231114101|0.0028217987230102493
2.6490085124969482|1.1004745960235596|0.2078859806060791|0.02965235710144043|"OneHotEncoder(categorical_features=None,
       categories=[array([ 3,  4,  6,  8, 11, 13, 17, 19, 24, 26, 28, 29, 31, 32, 34, 36, 37,
       39, 43, 48, 49, 50, 51, 55, 60, 61, 63, 68, 75, 77])],
       dtype=<class 'numpy.float64'>, handle_unknown='ignore',
       n_values=None, sparse=False)"|0.9667576819640958|4.103517859123288|0.24451440513962902|6|11.989955769172557|50|6.161957560983479|0.8396322933123793||100|"SMOTE(k=None, k_neighbors=5, kind='regular', m=None, m_neighbors=10, n_jobs=1,
   out_step=0.5, random_state=None, ratio='auto', svm_estimator=None)"|"{'featureunion__neigh_pipeline__encoder': OneHotEncoder(categorical_features=None,
       categories=[array([ 3,  4,  6,  8, 11, 13, 17, 19, 24, 26, 28, 29, 31, 32, 34, 36, 37,
       39, 43, 48, 49, 50, 51, 55, 60, 61, 63, 68, 75, 77])],
       dtype=<class 'numpy.float64'>, handle_unknown='ignore',
       n_values=None, sparse=False), 'lgbmclassifier__colsample_bytree': 0.9667576819640958, 'lgbmclassifier__gamma': 4.103517859123288, 'lgbmclassifier__learning_rate': 0.24451440513962902, 'lgbmclassifier__max_depth': 6, 'lgbmclassifier__min_child_weight': 11.989955769172557, 'lgbmclassifier__n_estimators': 50, 'lgbmclassifier__reg_alpha': 6.161957560983479, 'lgbmclassifier__subsample': 0.8396322933123793, 'pca': None, 'selectpercentile__percentile': 100, 'smote': SMOTE(k=None, k_neighbors=5, kind='regular', m=None, m_neighbors=10, n_jobs=1,
   out_step=0.5, random_state=None, ratio='auto', svm_estimator=None)}"|0.726953412882249|0.7674184233482775|0.7471859181152632|0.02023250523301423|6|0.7203552778719122|0.7441724166892391|0.7322638472805756|0.011908569408663416
2.8741759061813354|1.2402232885360718|0.21865928173065186|0.022796988487243652|"OneHotEncoder(categorical_features=None,
       categories=[array([ 3,  4,  6,  8, 11, 13, 17, 19, 24, 26, 28, 29, 31, 32, 34, 36, 37,
       39, 43, 48, 49, 50, 51, 55, 60, 61, 63, 68, 75, 77])],
       dtype=<class 'numpy.float64'>, handle_unknown='ignore',
       n_values=None, sparse=False)"|0.9715672362964338|4.12936902716284|0.12397652773554194|6|3.847504461238566|50|1.7586367982086437|0.9510402916161861||90|"SMOTE(k=None, k_neighbors=5, kind='regular', m=None, m_neighbors=10, n_jobs=1,
   out_step=0.5, random_state=None, ratio='auto', svm_estimator=None)"|"{'featureunion__neigh_pipeline__encoder': OneHotEncoder(categorical_features=None,
       categories=[array([ 3,  4,  6,  8, 11, 13, 17, 19, 24, 26, 28, 29, 31, 32, 34, 36, 37,
       39, 43, 48, 49, 50, 51, 55, 60, 61, 63, 68, 75, 77])],
       dtype=<class 'numpy.float64'>, handle_unknown='ignore',
       n_values=None, sparse=False), 'lgbmclassifier__colsample_bytree': 0.9715672362964338, 'lgbmclassifier__gamma': 4.12936902716284, 'lgbmclassifier__learning_rate': 0.12397652773554194, 'lgbmclassifier__max_depth': 6, 'lgbmclassifier__min_child_weight': 3.847504461238566, 'lgbmclassifier__n_estimators': 50, 'lgbmclassifier__reg_alpha': 1.7586367982086437, 'lgbmclassifier__subsample': 0.9510402916161861, 'pca': None, 'selectpercentile__percentile': 90, 'smote': SMOTE(k=None, k_neighbors=5, kind='regular', m=None, m_neighbors=10, n_jobs=1,
   out_step=0.5, random_state=None, ratio='auto', svm_estimator=None)}"|0.7290296017646443|0.7682413842950444|0.7486354930298443|0.01960589126520007|5|0.7003664273264368|0.7355228542929544|0.7179446408096957|0.017578213483258776
5.558165192604065|0.49865472316741943|0.5230507850646973|0.010473251342773438|"OneHotEncoder(categorical_features=None,
       categories=[array([ 4,  6,  8, 24, 26, 32, 36, 39, 50, 68])],
       dtype=<class 'numpy.float64'>, handle_unknown='ignore',
       n_values=None, sparse=False)"|0.787062141430146|1.8859943057952033|0.20180458577355437|9|6.914739023822939|150|0.16585402180093073|0.9533364918262547|"PCA(copy=True, iterated_power='auto', n_components=None, random_state=None,
  svd_solver='auto', tol=0.0, whiten=False)"|100||"{'featureunion__neigh_pipeline__encoder': OneHotEncoder(categorical_features=None,
       categories=[array([ 4,  6,  8, 24, 26, 32, 36, 39, 50, 68])],
       dtype=<class 'numpy.float64'>, handle_unknown='ignore',
       n_values=None, sparse=False), 'lgbmclassifier__colsample_bytree': 0.787062141430146, 'lgbmclassifier__gamma': 1.8859943057952033, 'lgbmclassifier__learning_rate': 0.20180458577355437, 'lgbmclassifier__max_depth': 9, 'lgbmclassifier__min_child_weight': 6.914739023822939, 'lgbmclassifier__n_estimators': 150, 'lgbmclassifier__reg_alpha': 0.16585402180093073, 'lgbmclassifier__subsample': 0.9533364918262547, 'pca': PCA(copy=True, iterated_power='auto', n_components=None, random_state=None,
  svd_solver='auto', tol=0.0, whiten=False), 'selectpercentile__percentile': 100, 'smote': None}"|0.708025004899941|0.7608067551186448|0.7344158800092929|0.026390875109351897|28|0.8694831297804797|0.8317475684729452|0.8506153491267124|0.018867780653767263
8.529764652252197|2.375168561935425|0.5804173946380615|0.016783475875854492|"OneHotEncoder(categorical_features=None,
       categories=[array([ 3,  4,  6,  8, 11, 13, 17, 24, 26, 32, 36, 39, 43, 49, 50, 51, 55,
       60, 61, 68])],
       dtype=<class 'numpy.float64'>, handle_unknown='ignore',
       n_values=None, sparse=False)"|0.9192868609813012|7.921255815659824|0.17298013690225272|11|10.598359054429256|100|4.320884112615319|0.9708382319661265|"PCA(copy=True, iterated_power='auto', n_components=None, random_state=None,
  svd_solver='auto', tol=0.0, whiten=False)"|80|"SMOTE(k=None, k_neighbors=5, kind='regular', m=None, m_neighbors=10, n_jobs=1,
   out_step=0.5, random_state=None, ratio='auto', svm_estimator=None)"|"{'featureunion__neigh_pipeline__encoder': OneHotEncoder(categorical_features=None,
       categories=[array([ 3,  4,  6,  8, 11, 13, 17, 24, 26, 32, 36, 39, 43, 49, 50, 51, 55,
       60, 61, 68])],
       dtype=<class 'numpy.float64'>, handle_unknown='ignore',
       n_values=None, sparse=False), 'lgbmclassifier__colsample_bytree': 0.9192868609813012, 'lgbmclassifier__gamma': 7.921255815659824, 'lgbmclassifier__learning_rate': 0.17298013690225272, 'lgbmclassifier__max_depth': 11, 'lgbmclassifier__min_child_weight': 10.598359054429256, 'lgbmclassifier__n_estimators': 100, 'lgbmclassifier__reg_alpha': 4.320884112615319, 'lgbmclassifier__subsample': 0.9708382319661265, 'pca': PCA(copy=True, iterated_power='auto', n_components=None, random_state=None,
  svd_solver='auto', tol=0.0, whiten=False), 'selectpercentile__percentile': 80, 'smote': SMOTE(k=None, k_neighbors=5, kind='regular', m=None, m_neighbors=10, n_jobs=1,
   out_step=0.5, random_state=None, ratio='auto', svm_estimator=None)}"|0.713206427422216|0.7551060210197528|0.7341562242209844|0.020949796798768405|29|0.7797501900031247|0.768755276756305|0.7742527333797149|0.005497456623409891
7.194030404090881|2.0079931020736694|0.574749231338501|0.21671319007873535|"OneHotEncoder(categorical_features=None, categories=None,
       dtype=<class 'numpy.float64'>, handle_unknown='ignore',
       n_values=None, sparse=False)"|0.5983678856010657|0.37808432619679366|0.22461646351192888|10|8.017544664940171|50|7.533596701699141|0.9176302988131392|"PCA(copy=True, iterated_power='auto', n_components=None, random_state=None,
  svd_solver='auto', tol=0.0, whiten=False)"|90||"{'featureunion__neigh_pipeline__encoder': OneHotEncoder(categorical_features=None, categories=None,
       dtype=<class 'numpy.float64'>, handle_unknown='ignore',
       n_values=None, sparse=False), 'lgbmclassifier__colsample_bytree': 0.5983678856010657, 'lgbmclassifier__gamma': 0.37808432619679366, 'lgbmclassifier__learning_rate': 0.22461646351192888, 'lgbmclassifier__max_depth': 10, 'lgbmclassifier__min_child_weight': 8.017544664940171, 'lgbmclassifier__n_estimators': 50, 'lgbmclassifier__reg_alpha': 7.533596701699141, 'lgbmclassifier__subsample': 0.9176302988131392, 'pca': PCA(copy=True, iterated_power='auto', n_components=None, random_state=None,
  svd_solver='auto', tol=0.0, whiten=False), 'selectpercentile__percentile': 90, 'smote': None}"|0.7170377374572876|0.7675641898354562|0.7423009636463719|0.025263226189084276|18|0.7978731984919485|0.7870890129407101|0.7924811057163292|0.005392092775619195
5.425342798233032|1.814363956451416|0.7654120922088623|0.04009675979614258|"OneHotEncoder(categorical_features=None, categories=None,
       dtype=<class 'numpy.float64'>, handle_unknown='ignore',
       n_values=None, sparse=False)"|0.9903935527031024|5.994720812484264|0.11311391247945518|3|16.07671690852035|250|3.4014838482193475|0.9440545360492794|"PCA(copy=True, iterated_power='auto', n_components=None, random_state=None,
  svd_solver='auto', tol=0.0, whiten=False)"|70|"RandomUnderSampler(random_state=None, ratio='auto', replacement=False,
          return_indices=False)"|"{'featureunion__neigh_pipeline__encoder': OneHotEncoder(categorical_features=None, categories=None,
       dtype=<class 'numpy.float64'>, handle_unknown='ignore',
       n_values=None, sparse=False), 'lgbmclassifier__colsample_bytree': 0.9903935527031024, 'lgbmclassifier__gamma': 5.994720812484264, 'lgbmclassifier__learning_rate': 0.11311391247945518, 'lgbmclassifier__max_depth': 3, 'lgbmclassifier__min_child_weight': 16.07671690852035, 'lgbmclassifier__n_estimators': 250, 'lgbmclassifier__reg_alpha': 3.4014838482193475, 'lgbmclassifier__subsample': 0.9440545360492794, 'pca': PCA(copy=True, iterated_power='auto', n_components=None, random_state=None,
  svd_solver='auto', tol=0.0, whiten=False), 'selectpercentile__percentile': 70, 'smote': RandomUnderSampler(random_state=None, ratio='auto', replacement=False,
          return_indices=False)}"|0.7252649269905616|0.7667896410563892|0.7460272840234754|0.020762357032913847|11|0.7489985951250764|0.7522813391558896|0.750639967140483|0.0016413720154065947
0.6922241449356079|0.07910048961639404|0.3676668405532837|0.07160007953643799|"OneHotEncoder(categorical_features=None,
       categories=[array([ 3,  4,  6,  8, 11, 13, 17, 24, 26, 32, 36, 39, 43, 49, 50, 51, 55,
       60, 61, 68])],
       dtype=<class 'numpy.float64'>, handle_unknown='ignore',
       n_values=None, sparse=False)"|0.8341976508342976|5.182838139721573|0.42692529267788354|5|4.536262221518056|50|6.768210545303429|0.9202826501579966||100|"RandomUnderSampler(random_state=None, ratio='auto', replacement=False,
          return_indices=False)"|"{'featureunion__neigh_pipeline__encoder': OneHotEncoder(categorical_features=None,
       categories=[array([ 3,  4,  6,  8, 11, 13, 17, 24, 26, 32, 36, 39, 43, 49, 50, 51, 55,
       60, 61, 68])],
       dtype=<class 'numpy.float64'>, handle_unknown='ignore',
       n_values=None, sparse=False), 'lgbmclassifier__colsample_bytree': 0.8341976508342976, 'lgbmclassifier__gamma': 5.182838139721573, 'lgbmclassifier__learning_rate': 0.42692529267788354, 'lgbmclassifier__max_depth': 5, 'lgbmclassifier__min_child_weight': 4.536262221518056, 'lgbmclassifier__n_estimators': 50, 'lgbmclassifier__reg_alpha': 6.768210545303429, 'lgbmclassifier__subsample': 0.9202826501579966, 'pca': None, 'selectpercentile__percentile': 100, 'smote': RandomUnderSampler(random_state=None, ratio='auto', replacement=False,
          return_indices=False)}"|0.724993004710369|0.7649644259663154|0.7449787153383421|0.019985710627973222|14|0.721091388660003|0.7463205721398007|0.7337059803999019|0.012614591739898873
8.23647916316986|2.79055655002594|0.5828715562820435|0.021385550498962402|"OneHotEncoder(categorical_features=None,
       categories=[array([ 3,  4,  6,  8, 11, 13, 17, 19, 24, 26, 28, 29, 31, 32, 34, 36, 37,
       39, 43, 48, 49, 50, 51, 55, 60, 61, 63, 68, 75, 77])],
       dtype=<class 'numpy.float64'>, handle_unknown='ignore',
       n_values=None, sparse=False)"|0.9757824075475592|7.806309024169278|0.3620967084288384|7|1.0003322416021945|100|6.349737078245742|0.5626471941214857|"PCA(copy=True, iterated_power='auto', n_components=None, random_state=None,
  svd_solver='auto', tol=0.0, whiten=False)"|90|"SMOTE(k=None, k_neighbors=5, kind='regular', m=None, m_neighbors=10, n_jobs=1,
   out_step=0.5, random_state=None, ratio='auto', svm_estimator=None)"|"{'featureunion__neigh_pipeline__encoder': OneHotEncoder(categorical_features=None,
       categories=[array([ 3,  4,  6,  8, 11, 13, 17, 19, 24, 26, 28, 29, 31, 32, 34, 36, 37,
       39, 43, 48, 49, 50, 51, 55, 60, 61, 63, 68, 75, 77])],
       dtype=<class 'numpy.float64'>, handle_unknown='ignore',
       n_values=None, sparse=False), 'lgbmclassifier__colsample_bytree': 0.9757824075475592, 'lgbmclassifier__gamma': 7.806309024169278, 'lgbmclassifier__learning_rate': 0.3620967084288384, 'lgbmclassifier__max_depth': 7, 'lgbmclassifier__min_child_weight': 1.0003322416021945, 'lgbmclassifier__n_estimators': 100, 'lgbmclassifier__reg_alpha': 6.349737078245742, 'lgbmclassifier__subsample': 0.5626471941214857, 'pca': PCA(copy=True, iterated_power='auto', n_components=None, random_state=None,
  svd_solver='auto', tol=0.0, whiten=False), 'selectpercentile__percentile': 90, 'smote': SMOTE(k=None, k_neighbors=5, kind='regular', m=None, m_neighbors=10, n_jobs=1,
   out_step=0.5, random_state=None, ratio='auto', svm_estimator=None)}"|0.6678025022424675|0.7418496168924538|0.7048260595674606|0.03702355732499313|40|0.8044389651966513|0.8001090992615881|0.8022740322291197|0.002164932967531563
2.3240602016448975|0.1076502799987793|0.5453314781188965|0.03699040412902832|"OneHotEncoder(categorical_features=None,
       categories=[array([ 4,  6,  8, 24, 26, 32, 36, 39, 50, 68])],
       dtype=<class 'numpy.float64'>, handle_unknown='ignore',
       n_values=None, sparse=False)"|0.9801257815780932|9.333290261615508|0.3005769605958147|3|12.457023003719302|250|1.269767872714097|0.8399310493943387|"PCA(copy=True, iterated_power='auto', n_components=None, random_state=None,
  svd_solver='auto', tol=0.0, whiten=False)"|70|"RandomUnderSampler(random_state=None, ratio='auto', replacement=False,
          return_indices=False)"|"{'featureunion__neigh_pipeline__encoder': OneHotEncoder(categorical_features=None,
       categories=[array([ 4,  6,  8, 24, 26, 32, 36, 39, 50, 68])],
       dtype=<class 'numpy.float64'>, handle_unknown='ignore',
       n_values=None, sparse=False), 'lgbmclassifier__colsample_bytree': 0.9801257815780932, 'lgbmclassifier__gamma': 9.333290261615508, 'lgbmclassifier__learning_rate': 0.3005769605958147, 'lgbmclassifier__max_depth': 3, 'lgbmclassifier__min_child_weight': 12.457023003719302, 'lgbmclassifier__n_estimators': 250, 'lgbmclassifier__reg_alpha': 1.269767872714097, 'lgbmclassifier__subsample': 0.8399310493943387, 'pca': PCA(copy=True, iterated_power='auto', n_components=None, random_state=None,
  svd_solver='auto', tol=0.0, whiten=False), 'selectpercentile__percentile': 70, 'smote': RandomUnderSampler(random_state=None, ratio='auto', replacement=False,
          return_indices=False)}"|0.7077645816390112|0.7614357544118879|0.7346001680254497|0.026835586386438348|27|0.7556240347147944|0.7653964719248367|0.7605102533198156|0.004886218605021142
2.510795474052429|0.931160569190979|0.891640305519104|0.225488543510437|"OneHotEncoder(categorical_features=None,
       categories=[array([ 3,  4,  6,  8, 11, 13, 17, 24, 26, 32, 36, 39, 43, 49, 50, 51, 55,
       60, 61, 68])],
       dtype=<class 'numpy.float64'>, handle_unknown='ignore',
       n_values=None, sparse=False)"|0.9908974434372315|1.8796167434369715|0.1481297293036148|6|18.5557379239276|200|8.93056212628973|0.8492232345114769||70||"{'featureunion__neigh_pipeline__encoder': OneHotEncoder(categorical_features=None,
       categories=[array([ 3,  4,  6,  8, 11, 13, 17, 24, 26, 32, 36, 39, 43, 49, 50, 51, 55,
       60, 61, 68])],
       dtype=<class 'numpy.float64'>, handle_unknown='ignore',
       n_values=None, sparse=False), 'lgbmclassifier__colsample_bytree': 0.9908974434372315, 'lgbmclassifier__gamma': 1.8796167434369715, 'lgbmclassifier__learning_rate': 0.1481297293036148, 'lgbmclassifier__max_depth': 6, 'lgbmclassifier__min_child_weight': 18.5557379239276, 'lgbmclassifier__n_estimators': 200, 'lgbmclassifier__reg_alpha': 8.93056212628973, 'lgbmclassifier__subsample': 0.8492232345114769, 'pca': None, 'selectpercentile__percentile': 70, 'smote': None}"|0.7248692489760031|0.767007639783092|0.7459384443795476|0.02106919540354446|12|0.724069899488182|0.7655085206037335|0.7447892100459578|0.02071931055777576
18.817508220672607|3.5102789402008057|0.9269405603408813|0.07374680042266846|"OneHotEncoder(categorical_features=None, categories=None,
       dtype=<class 'numpy.float64'>, handle_unknown='ignore',
       n_values=None, sparse=False)"|0.8105972633686219|7.873701309913659|0.13934481268624738|5|3.304362343805504|200|7.723680349719668|0.8968053544788828|"PCA(copy=True, iterated_power='auto', n_components=None, random_state=None,
  svd_solver='auto', tol=0.0, whiten=False)"|90|"SMOTE(k=None, k_neighbors=5, kind='regular', m=None, m_neighbors=10, n_jobs=1,
   out_step=0.5, random_state=None, ratio='auto', svm_estimator=None)"|"{'featureunion__neigh_pipeline__encoder': OneHotEncoder(categorical_features=None, categories=None,
       dtype=<class 'numpy.float64'>, handle_unknown='ignore',
       n_values=None, sparse=False), 'lgbmclassifier__colsample_bytree': 0.8105972633686219, 'lgbmclassifier__gamma': 7.873701309913659, 'lgbmclassifier__learning_rate': 0.13934481268624738, 'lgbmclassifier__max_depth': 5, 'lgbmclassifier__min_child_weight': 3.304362343805504, 'lgbmclassifier__n_estimators': 200, 'lgbmclassifier__reg_alpha': 7.723680349719668, 'lgbmclassifier__subsample': 0.8968053544788828, 'pca': PCA(copy=True, iterated_power='auto', n_components=None, random_state=None,
  svd_solver='auto', tol=0.0, whiten=False), 'selectpercentile__percentile': 90, 'smote': SMOTE(k=None, k_neighbors=5, kind='regular', m=None, m_neighbors=10, n_jobs=1,
   out_step=0.5, random_state=None, ratio='auto', svm_estimator=None)}"|0.7124799573554649|0.7613454901943765|0.7369127237749207|0.024432766419455798|23|0.8104609651153603|0.7793775977633114|0.7949192814393358|0.015541683676024431
7.675740957260132|1.9448039531707764|0.6744343042373657|0.08145368099212646|"OneHotEncoder(categorical_features=None, categories=None,
       dtype=<class 'numpy.float64'>, handle_unknown='ignore',
       n_values=None, sparse=False)"|0.9210164336112686|5.390861331354545|0.4207905345870792|4|13.654072301336637|150|0.35160909729399664|0.8555346562379592|"PCA(copy=True, iterated_power='auto', n_components=None, random_state=None,
  svd_solver='auto', tol=0.0, whiten=False)"|80||"{'featureunion__neigh_pipeline__encoder': OneHotEncoder(categorical_features=None, categories=None,
       dtype=<class 'numpy.float64'>, handle_unknown='ignore',
       n_values=None, sparse=False), 'lgbmclassifier__colsample_bytree': 0.9210164336112686, 'lgbmclassifier__gamma': 5.390861331354545, 'lgbmclassifier__learning_rate': 0.4207905345870792, 'lgbmclassifier__max_depth': 4, 'lgbmclassifier__min_child_weight': 13.654072301336637, 'lgbmclassifier__n_estimators': 150, 'lgbmclassifier__reg_alpha': 0.35160909729399664, 'lgbmclassifier__subsample': 0.8555346562379592, 'pca': PCA(copy=True, iterated_power='auto', n_components=None, random_state=None,
  svd_solver='auto', tol=0.0, whiten=False), 'selectpercentile__percentile': 80, 'smote': None}"|0.7030025272698194|0.7483657627948173|0.7256841450323183|0.02268161776249894|36|0.8513371779420441|0.827639288322679|0.8394882331323615|0.011848944809682571
0.4950765371322632|0.10699045658111572|0.18542933464050293|0.001886606216430664|"OneHotEncoder(categorical_features=None,
       categories=[array([ 3,  4,  6,  8, 11, 13, 17, 24, 26, 32, 36, 39, 43, 49, 50, 51, 55,
       60, 61, 68])],
       dtype=<class 'numpy.float64'>, handle_unknown='ignore',
       n_values=None, sparse=False)"|0.984048443005269|3.546105910016032|0.3016022961800008|4|18.01402439125911|50|5.138835232986089|0.8389571585507823||80|"RandomUnderSampler(random_state=None, ratio='auto', replacement=False,
          return_indices=False)"|"{'featureunion__neigh_pipeline__encoder': OneHotEncoder(categorical_features=None,
       categories=[array([ 3,  4,  6,  8, 11, 13, 17, 24, 26, 32, 36, 39, 43, 49, 50, 51, 55,
       60, 61, 68])],
       dtype=<class 'numpy.float64'>, handle_unknown='ignore',
       n_values=None, sparse=False), 'lgbmclassifier__colsample_bytree': 0.984048443005269, 'lgbmclassifier__gamma': 3.546105910016032, 'lgbmclassifier__learning_rate': 0.3016022961800008, 'lgbmclassifier__max_depth': 4, 'lgbmclassifier__min_child_weight': 18.01402439125911, 'lgbmclassifier__n_estimators': 50, 'lgbmclassifier__reg_alpha': 5.138835232986089, 'lgbmclassifier__subsample': 0.8389571585507823, 'pca': None, 'selectpercentile__percentile': 80, 'smote': RandomUnderSampler(random_state=None, ratio='auto', replacement=False,
          return_indices=False)}"|0.7250123644617393|0.7674565696826405|0.74623446707219|0.0212221026104506|9|0.6956262056550242|0.7348368821885357|0.71523154392178|0.019605338266755756
7.567829966545105|3.0750967264175415|0.4825601577758789|0.09350800514221191|"OneHotEncoder(categorical_features=None,
       categories=[array([ 3,  4,  6,  8, 11, 13, 17, 24, 26, 32, 36, 39, 43, 49, 50, 51, 55,
       60, 61, 68])],
       dtype=<class 'numpy.float64'>, handle_unknown='ignore',
       n_values=None, sparse=False)"|0.8731014948883332|4.653283802419292|0.4259753598025301|3|8.132849850775267|200|2.7709203332961536|0.7316494395658347|"PCA(copy=True, iterated_power='auto', n_components=None, random_state=None,
  svd_solver='auto', tol=0.0, whiten=False)"|100|"SMOTE(k=None, k_neighbors=5, kind='regular', m=None, m_neighbors=10, n_jobs=1,
   out_step=0.5, random_state=None, ratio='auto', svm_estimator=None)"|"{'featureunion__neigh_pipeline__encoder': OneHotEncoder(categorical_features=None,
       categories=[array([ 3,  4,  6,  8, 11, 13, 17, 24, 26, 32, 36, 39, 43, 49, 50, 51, 55,
       60, 61, 68])],
       dtype=<class 'numpy.float64'>, handle_unknown='ignore',
       n_values=None, sparse=False), 'lgbmclassifier__colsample_bytree': 0.8731014948883332, 'lgbmclassifier__gamma': 4.653283802419292, 'lgbmclassifier__learning_rate': 0.4259753598025301, 'lgbmclassifier__max_depth': 3, 'lgbmclassifier__min_child_weight': 8.132849850775267, 'lgbmclassifier__n_estimators': 200, 'lgbmclassifier__reg_alpha': 2.7709203332961536, 'lgbmclassifier__subsample': 0.7316494395658347, 'pca': PCA(copy=True, iterated_power='auto', n_components=None, random_state=None,
  svd_solver='auto', tol=0.0, whiten=False), 'selectpercentile__percentile': 100, 'smote': SMOTE(k=None, k_neighbors=5, kind='regular', m=None, m_neighbors=10, n_jobs=1,
   out_step=0.5, random_state=None, ratio='auto', svm_estimator=None)}"|0.6943761230274929|0.736178657883342|0.7152773904554175|0.020901267427924586|39|0.7504137689921504|0.7421227581163827|0.7462682635542666|0.004145505437883834
5.5246502161026|0.7981435060501099|0.6556892395019531|0.07700395584106445|"OneHotEncoder(categorical_features=None,
       categories=[array([ 4,  6,  8, 24, 26, 32, 36, 39, 50, 68])],
       dtype=<class 'numpy.float64'>, handle_unknown='ignore',
       n_values=None, sparse=False)"|0.9610954205888301|5.919996908893939|0.07697534832630636|9|13.48499157099097|200|5.486245484352754|0.9377988357299321||100|"SMOTE(k=None, k_neighbors=5, kind='regular', m=None, m_neighbors=10, n_jobs=1,
   out_step=0.5, random_state=None, ratio='auto', svm_estimator=None)"|"{'featureunion__neigh_pipeline__encoder': OneHotEncoder(categorical_features=None,
       categories=[array([ 4,  6,  8, 24, 26, 32, 36, 39, 50, 68])],
       dtype=<class 'numpy.float64'>, handle_unknown='ignore',
       n_values=None, sparse=False), 'lgbmclassifier__colsample_bytree': 0.9610954205888301, 'lgbmclassifier__gamma': 5.919996908893939, 'lgbmclassifier__learning_rate': 0.07697534832630636, 'lgbmclassifier__max_depth': 9, 'lgbmclassifier__min_child_weight': 13.48499157099097, 'lgbmclassifier__n_estimators': 200, 'lgbmclassifier__reg_alpha': 5.486245484352754, 'lgbmclassifier__subsample': 0.9377988357299321, 'pca': None, 'selectpercentile__percentile': 100, 'smote': SMOTE(k=None, k_neighbors=5, kind='regular', m=None, m_neighbors=10, n_jobs=1,
   out_step=0.5, random_state=None, ratio='auto', svm_estimator=None)}"|0.7207618894589055|0.7686667612013597|0.7447143253301327|0.023952435871227085|15|0.7412049041092251|0.7570897843609969|0.7491473442351111|0.007942440125885908
1.7259608507156372|0.22557222843170166|0.7719049453735352|0.043557167053222656|"OneHotEncoder(categorical_features=None,
       categories=[array([ 3,  4,  6,  8, 11, 13, 17, 19, 24, 26, 28, 29, 31, 32, 34, 36, 37,
       39, 43, 48, 49, 50, 51, 55, 60, 61, 63, 68, 75, 77])],
       dtype=<class 'numpy.float64'>, handle_unknown='ignore',
       n_values=None, sparse=False)"|0.9388863344055297|2.1987711611578886|0.23031529322197813|9|10.177632330445169|250|6.9562939800356824|0.9628805010040903||90|"RandomUnderSampler(random_state=None, ratio='auto', replacement=False,
          return_indices=False)"|"{'featureunion__neigh_pipeline__encoder': OneHotEncoder(categorical_features=None,
       categories=[array([ 3,  4,  6,  8, 11, 13, 17, 19, 24, 26, 28, 29, 31, 32, 34, 36, 37,
       39, 43, 48, 49, 50, 51, 55, 60, 61, 63, 68, 75, 77])],
       dtype=<class 'numpy.float64'>, handle_unknown='ignore',
       n_values=None, sparse=False), 'lgbmclassifier__colsample_bytree': 0.9388863344055297, 'lgbmclassifier__gamma': 2.1987711611578886, 'lgbmclassifier__learning_rate': 0.23031529322197813, 'lgbmclassifier__max_depth': 9, 'lgbmclassifier__min_child_weight': 10.177632330445169, 'lgbmclassifier__n_estimators': 250, 'lgbmclassifier__reg_alpha': 6.9562939800356824, 'lgbmclassifier__subsample': 0.9628805010040903, 'pca': None, 'selectpercentile__percentile': 90, 'smote': RandomUnderSampler(random_state=None, ratio='auto', replacement=False,
          return_indices=False)}"|0.7198004736656203|0.7596478677279925|0.7397241706968064|0.019923697031186127|20|0.7623538233272846|0.7823007220654041|0.7723272726963444|0.00997344936905975
8.536022901535034|2.9335289001464844|0.8822121620178223|0.0071773529052734375|"OneHotEncoder(categorical_features=None,
       categories=[array([ 3,  4,  6,  8, 11, 13, 17, 19, 24, 26, 28, 29, 31, 32, 34, 36, 37,
       39, 43, 48, 49, 50, 51, 55, 60, 61, 63, 68, 75, 77])],
       dtype=<class 'numpy.float64'>, handle_unknown='ignore',
       n_values=None, sparse=False)"|0.8235399261514383|4.84702932689418|0.3268929726939767|9|20.32097409252234|250|9.824619364181368|0.9990663153409053||100|"SMOTE(k=None, k_neighbors=5, kind='regular', m=None, m_neighbors=10, n_jobs=1,
   out_step=0.5, random_state=None, ratio='auto', svm_estimator=None)"|"{'featureunion__neigh_pipeline__encoder': OneHotEncoder(categorical_features=None,
       categories=[array([ 3,  4,  6,  8, 11, 13, 17, 19, 24, 26, 28, 29, 31, 32, 34, 36, 37,
       39, 43, 48, 49, 50, 51, 55, 60, 61, 63, 68, 75, 77])],
       dtype=<class 'numpy.float64'>, handle_unknown='ignore',
       n_values=None, sparse=False), 'lgbmclassifier__colsample_bytree': 0.8235399261514383, 'lgbmclassifier__gamma': 4.84702932689418, 'lgbmclassifier__learning_rate': 0.3268929726939767, 'lgbmclassifier__max_depth': 9, 'lgbmclassifier__min_child_weight': 20.32097409252234, 'lgbmclassifier__n_estimators': 250, 'lgbmclassifier__reg_alpha': 9.824619364181368, 'lgbmclassifier__subsample': 0.9990663153409053, 'pca': None, 'selectpercentile__percentile': 100, 'smote': SMOTE(k=None, k_neighbors=5, kind='regular', m=None, m_neighbors=10, n_jobs=1,
   out_step=0.5, random_state=None, ratio='auto', svm_estimator=None)}"|0.7143841466888298|0.7601058699534248|0.7372450083211273|0.022860861632297502|22|0.7893642330187023|0.8027125616045623|0.7960383973116323|0.006674164292929996
1.811444640159607|0.6697269678115845|0.23210382461547852|0.09340071678161621|"OneHotEncoder(categorical_features=None,
       categories=[array([ 3,  4,  6,  8, 11, 13, 17, 19, 24, 26, 28, 29, 31, 32, 34, 36, 37,
       39, 43, 48, 49, 50, 51, 55, 60, 61, 63, 68, 75, 77])],
       dtype=<class 'numpy.float64'>, handle_unknown='ignore',
       n_values=None, sparse=False)"|0.9571856589299432|9.841995932196104|0.2630741317800324|5|17.60111638012948|50|4.053087712020859|0.9937068432794517||70|"SMOTE(k=None, k_neighbors=5, kind='regular', m=None, m_neighbors=10, n_jobs=1,
   out_step=0.5, random_state=None, ratio='auto', svm_estimator=None)"|"{'featureunion__neigh_pipeline__encoder': OneHotEncoder(categorical_features=None,
       categories=[array([ 3,  4,  6,  8, 11, 13, 17, 19, 24, 26, 28, 29, 31, 32, 34, 36, 37,
       39, 43, 48, 49, 50, 51, 55, 60, 61, 63, 68, 75, 77])],
       dtype=<class 'numpy.float64'>, handle_unknown='ignore',
       n_values=None, sparse=False), 'lgbmclassifier__colsample_bytree': 0.9571856589299432, 'lgbmclassifier__gamma': 9.841995932196104, 'lgbmclassifier__learning_rate': 0.2630741317800324, 'lgbmclassifier__max_depth': 5, 'lgbmclassifier__min_child_weight': 17.60111638012948, 'lgbmclassifier__n_estimators': 50, 'lgbmclassifier__reg_alpha': 4.053087712020859, 'lgbmclassifier__subsample': 0.9937068432794517, 'pca': None, 'selectpercentile__percentile': 70, 'smote': SMOTE(k=None, k_neighbors=5, kind='regular', m=None, m_neighbors=10, n_jobs=1,
   out_step=0.5, random_state=None, ratio='auto', svm_estimator=None)}"|0.726114663877|0.7675666728317307|0.7468406683543654|0.02072600447736539|8|0.6952120652406056|0.7376744039090362|0.7164432345748208|0.02123116933421526
6.283885478973389|1.9543766975402832|0.2860867977142334|0.02539205551147461|"OneHotEncoder(categorical_features=None,
       categories=[array([ 3,  4,  6,  8, 11, 13, 17, 19, 24, 26, 28, 29, 31, 32, 34, 36, 37,
       39, 43, 48, 49, 50, 51, 55, 60, 61, 63, 68, 75, 77])],
       dtype=<class 'numpy.float64'>, handle_unknown='ignore',
       n_values=None, sparse=False)"|0.9775283349054623|0.9188078563055413|0.1440979035596378|9|11.669849989686803|50|5.578914516288267|0.8926216348040079|"PCA(copy=True, iterated_power='auto', n_components=None, random_state=None,
  svd_solver='auto', tol=0.0, whiten=False)"|90|"SMOTE(k=None, k_neighbors=5, kind='regular', m=None, m_neighbors=10, n_jobs=1,
   out_step=0.5, random_state=None, ratio='auto', svm_estimator=None)"|"{'featureunion__neigh_pipeline__encoder': OneHotEncoder(categorical_features=None,
       categories=[array([ 3,  4,  6,  8, 11, 13, 17, 19, 24, 26, 28, 29, 31, 32, 34, 36, 37,
       39, 43, 48, 49, 50, 51, 55, 60, 61, 63, 68, 75, 77])],
       dtype=<class 'numpy.float64'>, handle_unknown='ignore',
       n_values=None, sparse=False), 'lgbmclassifier__colsample_bytree': 0.9775283349054623, 'lgbmclassifier__gamma': 0.9188078563055413, 'lgbmclassifier__learning_rate': 0.1440979035596378, 'lgbmclassifier__max_depth': 9, 'lgbmclassifier__min_child_weight': 11.669849989686803, 'lgbmclassifier__n_estimators': 50, 'lgbmclassifier__reg_alpha': 5.578914516288267, 'lgbmclassifier__subsample': 0.8926216348040079, 'pca': PCA(copy=True, iterated_power='auto', n_components=None, random_state=None,
  svd_solver='auto', tol=0.0, whiten=False), 'selectpercentile__percentile': 90, 'smote': SMOTE(k=None, k_neighbors=5, kind='regular', m=None, m_neighbors=10, n_jobs=1,
   out_step=0.5, random_state=None, ratio='auto', svm_estimator=None)}"|0.7120259556294563|0.7599219404394711|0.7359739480344637|0.023947992405007446|24|0.7318564234298963|0.7398417185996236|0.7358490710147599|0.003992647584863618
3.6929333209991455|1.5433704853057861|0.3736438751220703|0.0028395652770996094|"OneHotEncoder(categorical_features=None,
       categories=[array([ 3,  4,  6,  8, 11, 13, 17, 19, 24, 26, 28, 29, 31, 32, 34, 36, 37,
       39, 43, 48, 49, 50, 51, 55, 60, 61, 63, 68, 75, 77])],
       dtype=<class 'numpy.float64'>, handle_unknown='ignore',
       n_values=None, sparse=False)"|0.9412149441194461|3.2707210296586164|0.05625738507622056|5|8.27846078817731|200|7.367209647006085|0.9903453512353143||70|"SMOTE(k=None, k_neighbors=5, kind='regular', m=None, m_neighbors=10, n_jobs=1,
   out_step=0.5, random_state=None, ratio='auto', svm_estimator=None)"|"{'featureunion__neigh_pipeline__encoder': OneHotEncoder(categorical_features=None,
       categories=[array([ 3,  4,  6,  8, 11, 13, 17, 19, 24, 26, 28, 29, 31, 32, 34, 36, 37,
       39, 43, 48, 49, 50, 51, 55, 60, 61, 63, 68, 75, 77])],
       dtype=<class 'numpy.float64'>, handle_unknown='ignore',
       n_values=None, sparse=False), 'lgbmclassifier__colsample_bytree': 0.9412149441194461, 'lgbmclassifier__gamma': 3.2707210296586164, 'lgbmclassifier__learning_rate': 0.05625738507622056, 'lgbmclassifier__max_depth': 5, 'lgbmclassifier__min_child_weight': 8.27846078817731, 'lgbmclassifier__n_estimators': 200, 'lgbmclassifier__reg_alpha': 7.367209647006085, 'lgbmclassifier__subsample': 0.9903453512353143, 'pca': None, 'selectpercentile__percentile': 70, 'smote': SMOTE(k=None, k_neighbors=5, kind='regular', m=None, m_neighbors=10, n_jobs=1,
   out_step=0.5, random_state=None, ratio='auto', svm_estimator=None)}"|0.728854195686716|0.7684898758852403|0.7486720357859783|0.01981784009926213|4|0.690266839111759|0.7340665518554196|0.7121666954835892|0.021899856371830284
